sample_idx,real_label,pred_label,pred_prob
1233,0,1,0.8465527296066284
14606,0,1,1.0
15710,0,1,0.8484083414077759
27439,0,1,0.8128989934921265
28067,0,1,0.8160496950149536
31387,0,1,0.8391254544258118
32607,0,1,0.8431404829025269
34819,0,1,0.8370823264122009
37793,0,1,0.8149546980857849
45959,0,1,0.7120177745819092
84455,0,1,0.86114501953125
100852,0,1,0.8473710417747498
109435,0,1,0.554267406463623
154030,3,2,1.0
154031,3,2,1.0
154032,3,2,1.0
154033,3,2,1.0
154034,3,2,1.0
154035,3,2,1.0
154036,3,2,1.0
154037,3,2,1.0
154038,3,2,1.0
154039,3,2,1.0
154040,3,2,1.0
154041,3,2,1.0
154042,3,2,1.0
154043,3,2,1.0
154044,3,2,1.0
154045,3,2,1.0
154046,3,2,1.0
154047,3,2,1.0
154048,3,2,1.0
154049,3,2,1.0
154050,3,2,1.0
154051,3,2,1.0
154052,3,2,1.0
154053,3,2,1.0
154054,3,2,1.0
154055,3,2,1.0
154056,3,2,1.0
154057,3,2,1.0
154058,3,2,1.0
154059,3,2,1.0
154060,3,2,1.0
154061,3,2,1.0
154062,3,2,1.0
154063,3,2,1.0
154064,3,2,1.0
154065,3,2,1.0
154066,3,2,1.0
154067,3,2,1.0
154068,3,2,1.0
154069,3,2,1.0
154070,3,2,1.0
154071,3,2,1.0
154072,3,2,1.0
154073,3,2,1.0
154074,3,2,1.0
154075,3,2,1.0
154076,3,2,1.0
154077,3,2,1.0
154078,3,2,1.0
154079,3,2,1.0
154080,3,2,1.0
154081,3,2,1.0
154082,3,2,1.0
154083,3,2,1.0
154084,3,2,1.0
154085,3,2,1.0
154086,3,2,1.0
154087,3,2,1.0
154088,3,2,1.0
154089,3,2,1.0
154090,3,2,1.0
154091,3,2,1.0
154092,3,2,1.0
154093,3,2,1.0
154094,3,2,1.0
154095,3,2,1.0
154096,3,2,1.0
154097,3,2,1.0
154098,3,2,1.0
154099,3,2,1.0
154100,3,2,1.0
154101,3,2,1.0
154102,3,2,1.0
154103,3,2,1.0
154104,3,2,1.0
154105,3,2,1.0
154106,3,2,1.0
154107,3,2,1.0
154108,3,2,1.0
154109,3,2,1.0
154110,3,2,1.0
154111,3,2,1.0
154112,3,2,1.0
154113,3,2,1.0
154114,3,2,1.0
154115,3,2,1.0
154116,3,2,1.0
154117,3,2,1.0
154118,3,2,1.0
154119,3,2,1.0
154120,3,2,1.0
154121,3,2,1.0
154122,3,2,1.0
154123,3,2,1.0
154124,3,2,1.0
154125,3,2,1.0
154126,3,2,1.0
154127,3,2,1.0
154128,3,2,1.0
154129,3,2,1.0
154130,3,2,1.0
154131,3,2,1.0
154132,3,2,1.0
154133,3,2,1.0
154134,3,2,1.0
154135,3,2,1.0
154136,3,2,1.0
154137,3,2,1.0
154138,3,2,1.0
154139,3,2,1.0
154140,3,2,1.0
154141,3,2,1.0
154142,3,2,1.0
154143,3,2,1.0
154144,3,2,1.0
154145,3,2,1.0
154146,3,2,1.0
154147,3,2,1.0
154148,3,2,1.0
154149,3,2,1.0
154150,3,2,1.0
154151,3,2,1.0
154152,3,2,1.0
154153,3,2,1.0
154154,3,2,1.0
154155,3,2,1.0
154156,3,2,1.0
154157,3,2,1.0
154158,3,2,1.0
154159,3,2,1.0
154160,3,2,1.0
154161,3,2,1.0
154162,3,2,1.0
154163,3,2,1.0
154164,3,2,1.0
154165,3,2,1.0
154166,3,2,1.0
154167,3,2,1.0
154168,3,2,1.0
154169,3,2,1.0
154170,3,2,1.0
154171,3,2,1.0
154172,3,2,1.0
154173,3,2,1.0
154174,3,2,1.0
154175,3,2,1.0
154176,3,2,1.0
154177,3,2,1.0
154178,3,2,1.0
154179,3,2,1.0
154180,3,2,1.0
154181,3,2,1.0
154182,3,2,1.0
154183,3,2,1.0
154184,3,2,1.0
154185,3,2,1.0
154186,3,2,1.0
154187,3,2,1.0
154188,3,2,1.0
154189,3,2,1.0
154190,3,2,1.0
154191,3,2,1.0
154192,3,2,1.0
154193,3,2,1.0
154194,3,2,1.0
154195,3,2,1.0
154196,3,2,1.0
154197,3,2,1.0
154198,3,2,1.0
154199,3,2,1.0
154200,3,2,1.0
154201,3,2,1.0
154202,3,2,1.0
154203,3,2,1.0
154204,3,2,1.0
154205,3,2,1.0
154206,3,2,1.0
154207,3,2,1.0
154208,3,2,1.0
154209,3,2,1.0
154210,3,2,1.0
154211,3,2,1.0
154212,3,2,1.0
154213,3,2,1.0
154214,3,2,1.0
154215,3,2,1.0
154216,3,2,1.0
154217,3,2,1.0
154218,3,2,1.0
154219,3,2,1.0
154220,3,2,1.0
154221,3,2,1.0
154222,3,2,1.0
154223,3,2,1.0
154224,3,2,1.0
154225,3,2,1.0
154226,3,2,1.0
154227,3,2,1.0
154228,3,2,1.0
154229,3,2,1.0
154230,3,2,1.0
154231,3,2,1.0
154232,3,2,1.0
154233,3,2,1.0
154234,3,2,1.0
154235,3,2,1.0
154236,3,2,1.0
154237,3,2,1.0
154238,3,2,1.0
154239,3,2,1.0
154240,3,2,1.0
154241,3,2,1.0
154242,3,2,1.0
154243,3,2,1.0
154244,3,2,1.0
154245,3,2,1.0
154246,3,2,1.0
154247,3,2,1.0
154248,3,2,1.0
154249,3,2,1.0
154250,3,2,1.0
154251,3,2,1.0
154252,3,2,1.0
154253,3,2,1.0
154254,3,2,1.0
154255,3,2,1.0
154256,3,2,1.0
154257,3,2,1.0
154258,3,2,1.0
154259,3,2,1.0
154260,3,2,1.0
154261,3,2,1.0
154262,3,2,1.0
154263,3,2,1.0
154264,3,2,1.0
154265,3,2,1.0
154266,3,2,1.0
154267,3,2,1.0
154268,3,2,1.0
154269,3,2,1.0
154270,3,2,1.0
154271,3,2,1.0
154272,3,2,1.0
154273,3,2,1.0
154274,3,2,1.0
154275,3,2,1.0
154276,3,2,1.0
154277,3,2,1.0
154278,3,2,1.0
154279,3,2,1.0
154280,3,2,1.0
154281,3,2,1.0
154282,3,2,1.0
154283,3,2,1.0
154284,3,2,1.0
154285,3,2,1.0
154286,3,2,1.0
154287,3,2,1.0
154288,3,2,1.0
154289,3,2,1.0
154290,3,2,1.0
154291,3,2,1.0
154292,3,2,1.0
154293,3,2,1.0
154294,3,2,1.0
154295,3,2,1.0
154296,3,2,1.0
154297,3,2,1.0
154298,3,2,1.0
154299,3,2,1.0
154300,3,2,1.0
154301,3,2,1.0
154302,3,2,1.0
154303,3,2,1.0
154304,3,2,1.0
154305,3,2,1.0
154306,3,2,1.0
154307,3,2,1.0
154308,3,2,1.0
154309,3,2,1.0
154310,3,2,1.0
154311,3,2,1.0
154312,3,2,1.0
154313,3,2,1.0
154314,3,2,1.0
154315,3,2,1.0
154316,3,2,1.0
154317,3,2,1.0
154318,3,2,1.0
154319,3,2,1.0
154320,3,2,1.0
154321,3,2,1.0
154322,3,2,1.0
154323,3,2,1.0
154324,3,2,1.0
154325,3,2,1.0
154326,3,2,1.0
154327,3,2,1.0
154328,3,2,1.0
154329,3,2,1.0
154330,3,2,1.0
154331,3,2,1.0
154332,3,2,1.0
154333,3,2,1.0
154334,3,2,1.0
154335,3,2,1.0
154336,3,2,1.0
154337,3,2,1.0
154338,3,2,1.0
154339,3,2,1.0
154340,3,2,1.0
154341,3,2,1.0
154342,3,2,1.0
154343,3,2,1.0
154344,3,2,1.0
154345,3,2,1.0
154346,3,2,1.0
154347,3,2,1.0
154348,3,2,1.0
154349,3,2,1.0
154350,3,2,1.0
154351,3,2,1.0
154352,3,2,1.0
154353,3,2,1.0
154354,3,2,1.0
154355,3,2,1.0
154356,3,2,1.0
154357,3,2,1.0
154358,3,2,1.0
154359,3,2,1.0
154360,3,2,1.0
154361,3,2,1.0
154362,3,2,1.0
154363,3,2,1.0
154364,3,2,1.0
154365,3,2,1.0
154366,3,2,1.0
154367,3,2,1.0
154368,3,2,1.0
154369,3,2,1.0
154370,3,2,1.0
154371,3,2,1.0
154372,3,2,1.0
154373,3,2,1.0
154374,3,2,1.0
154375,3,2,1.0
154376,3,2,1.0
154377,3,2,1.0
154378,3,2,1.0
154379,3,2,1.0
154380,3,2,1.0
154381,3,2,1.0
154382,3,2,1.0
154383,3,2,1.0
154384,3,2,1.0
154385,3,2,1.0
154386,3,2,1.0
154387,3,2,1.0
154388,3,2,1.0
154389,3,2,1.0
154390,3,2,1.0
154391,3,2,1.0
154392,3,2,1.0
154393,3,2,1.0
154394,3,2,1.0
154395,3,2,1.0
154396,3,2,1.0
154397,3,2,1.0
154398,3,2,1.0
154399,3,2,1.0
154400,3,2,1.0
154401,3,2,1.0
154402,3,2,1.0
154403,3,2,1.0
154404,3,2,1.0
154405,3,2,1.0
154406,3,2,1.0
154407,3,2,1.0
154408,3,2,1.0
154409,3,2,1.0
154410,3,2,1.0
154411,3,2,1.0
154412,3,2,1.0
154413,3,2,1.0
154414,3,2,1.0
154415,3,2,1.0
154416,3,2,1.0
154417,3,2,1.0
154418,3,2,1.0
154419,3,2,1.0
154420,3,2,1.0
154421,3,2,1.0
154422,3,2,1.0
154423,3,2,1.0
154424,3,2,1.0
154425,3,2,1.0
154426,3,2,1.0
154427,3,2,1.0
154428,3,2,1.0
154429,3,2,1.0
154430,3,2,1.0
154431,3,2,1.0
154432,3,2,1.0
154433,3,2,1.0
154434,3,2,1.0
154435,3,2,1.0
154436,3,2,1.0
154437,3,2,1.0
154438,3,2,1.0
154439,3,2,1.0
154440,3,2,1.0
154441,3,2,1.0
154442,3,2,1.0
154443,3,2,1.0
154444,3,2,1.0
154445,3,2,1.0
154446,3,2,1.0
154447,3,2,1.0
154448,3,2,1.0
154449,3,2,1.0
154450,3,2,1.0
154451,3,2,1.0
154452,3,2,1.0
154453,3,2,1.0
154454,3,2,1.0
154455,3,2,1.0
154456,3,2,1.0
154457,3,2,1.0
154458,3,2,1.0
154459,3,2,1.0
154460,3,2,1.0
154461,3,2,1.0
154462,3,2,1.0
154463,3,2,1.0
154464,3,2,1.0
154465,3,2,1.0
154466,3,2,1.0
154467,3,2,1.0
154468,3,2,1.0
154469,3,2,1.0
154470,3,2,1.0
154471,3,2,1.0
154472,3,2,1.0
154473,3,2,1.0
154474,3,2,1.0
154475,3,2,1.0
154476,3,2,1.0
154477,3,2,1.0
154478,3,2,1.0
154479,3,2,1.0
154480,3,2,1.0
154481,3,2,1.0
154482,3,2,1.0
154483,3,2,1.0
154484,3,2,1.0
154485,3,2,1.0
154486,3,2,1.0
154487,3,2,1.0
154488,3,2,1.0
154489,3,2,1.0
154490,3,2,1.0
154491,3,2,1.0
154492,3,2,1.0
154493,3,2,1.0
154494,3,2,1.0
154495,3,2,1.0
154496,3,2,1.0
154497,3,2,1.0
154498,3,2,1.0
154499,3,2,1.0
154500,3,2,1.0
154501,3,2,1.0
154502,3,2,1.0
154503,3,2,1.0
154504,3,2,1.0
154505,3,2,1.0
154506,3,2,1.0
154507,3,2,1.0
154508,3,2,1.0
154509,3,2,1.0
154510,3,2,1.0
154511,3,2,1.0
154512,3,2,1.0
154513,3,2,1.0
154514,3,2,1.0
154515,3,2,1.0
154516,3,2,1.0
154517,3,2,1.0
154518,3,2,1.0
154519,3,2,1.0
154520,3,2,1.0
154521,3,2,1.0
154522,3,2,1.0
154523,3,2,1.0
154524,3,2,1.0
154525,3,2,1.0
154526,3,2,1.0
154527,3,2,1.0
154528,3,2,1.0
154529,3,2,1.0
154530,3,2,1.0
154531,3,2,1.0
154532,3,2,1.0
154533,3,2,1.0
154534,3,2,1.0
154535,3,2,1.0
154536,3,2,1.0
154537,3,2,1.0
154538,3,2,1.0
154539,3,2,1.0
154540,3,2,1.0
154541,3,2,1.0
154542,3,2,1.0
154543,3,2,1.0
154544,3,2,1.0
154545,3,2,1.0
154546,3,2,1.0
154547,3,2,1.0
154548,3,2,1.0
154549,3,2,1.0
154550,3,2,1.0
154551,3,2,1.0
154552,3,2,1.0
154553,3,2,1.0
154554,3,2,1.0
154555,3,2,1.0
154556,3,2,1.0
154557,3,2,1.0
154558,3,2,1.0
154559,3,2,1.0
154560,3,2,1.0
154561,3,2,1.0
154562,3,2,1.0
154563,3,2,1.0
154564,3,2,1.0
154565,3,2,1.0
154566,3,2,1.0
154567,3,2,1.0
154568,3,2,1.0
154569,3,2,1.0
154570,3,2,1.0
154571,3,2,1.0
154572,3,2,1.0
154573,3,2,1.0
154574,3,2,1.0
154575,3,2,1.0
154576,3,2,1.0
154577,3,2,1.0
154578,3,2,1.0
154579,3,2,1.0
154580,3,2,1.0
154581,3,2,1.0
154582,3,2,1.0
154583,3,2,1.0
154584,3,2,1.0
154585,3,2,1.0
154586,3,2,1.0
154587,3,2,1.0
154588,3,2,1.0
154589,3,2,1.0
154590,3,2,1.0
154591,3,2,1.0
154592,3,2,1.0
154593,3,2,1.0
154594,3,2,1.0
154595,3,2,1.0
154596,3,2,1.0
154597,3,2,1.0
154598,3,2,1.0
154599,3,2,1.0
154600,3,2,1.0
154601,3,2,1.0
154602,3,2,1.0
154603,3,2,1.0
154604,3,2,1.0
154605,3,2,1.0
154606,3,2,1.0
154607,3,2,1.0
154608,3,2,1.0
154609,3,2,1.0
154610,3,2,1.0
154611,3,2,1.0
154612,3,2,1.0
154613,3,2,1.0
154614,3,2,1.0
154615,3,2,1.0
154616,3,2,1.0
154617,3,2,1.0
154618,3,2,1.0
154619,3,2,1.0
154620,3,2,1.0
154621,3,2,1.0
154622,3,2,1.0
154623,3,2,1.0
154624,3,2,1.0
154625,3,2,1.0
154626,3,2,1.0
154627,3,2,1.0
154628,3,2,1.0
154629,3,2,1.0
154630,3,2,1.0
154631,3,2,1.0
154632,3,2,1.0
154633,3,2,1.0
154634,3,2,1.0
154635,3,2,1.0
154636,3,2,1.0
154637,3,2,1.0
154638,3,2,1.0
154639,3,2,1.0
154640,3,2,1.0
154641,3,2,1.0
154642,3,2,1.0
154643,3,2,1.0
154644,3,2,1.0
154645,3,2,1.0
154646,3,2,1.0
154647,3,2,1.0
154648,3,2,1.0
154649,3,2,1.0
154650,3,2,1.0
154651,3,2,1.0
154652,3,2,1.0
154653,3,2,1.0
154654,3,2,1.0
154655,3,2,1.0
154656,3,2,1.0
154657,3,2,1.0
154658,3,2,1.0
154659,3,2,1.0
154660,3,2,1.0
154661,3,2,1.0
154662,3,2,1.0
154663,3,2,1.0
154664,3,2,1.0
154665,3,2,1.0
154666,3,2,1.0
154667,3,2,1.0
154668,3,2,1.0
154669,3,2,1.0
154670,3,2,1.0
154671,3,2,1.0
154672,3,2,1.0
154673,3,2,1.0
154674,3,2,1.0
154675,3,2,1.0
154676,3,2,1.0
154677,3,2,1.0
154678,3,2,1.0
154679,3,2,1.0
154680,3,2,1.0
154681,3,2,1.0
154682,3,2,1.0
154683,3,2,1.0
154684,3,2,1.0
154685,3,2,1.0
154686,3,2,1.0
154687,3,2,1.0
154688,3,2,1.0
154689,3,2,1.0
154690,3,2,1.0
154691,3,2,1.0
154692,3,2,1.0
154693,3,2,1.0
154694,3,2,1.0
154695,3,2,1.0
154696,3,2,1.0
154697,3,2,1.0
154698,3,2,1.0
154699,3,2,1.0
154700,3,2,1.0
154701,3,2,1.0
154702,3,2,1.0
154703,3,2,1.0
154704,3,2,1.0
154705,3,2,1.0
154706,3,2,1.0
154707,3,2,1.0
154708,3,2,1.0
154709,3,2,1.0
154710,3,2,1.0
154711,3,2,1.0
154712,3,2,1.0
154713,3,2,1.0
154714,3,2,1.0
154715,3,2,1.0
154716,3,2,1.0
154717,3,2,1.0
154718,3,2,1.0
154719,3,2,1.0
154720,3,2,1.0
154721,3,2,1.0
154722,3,2,1.0
154723,3,2,1.0
154724,3,2,1.0
154725,3,2,1.0
154726,3,2,1.0
154727,3,2,1.0
154728,3,2,1.0
154729,3,2,1.0
154730,3,2,1.0
154731,3,2,1.0
154732,3,2,1.0
154733,3,2,1.0
154734,3,2,1.0
154735,3,2,1.0
154736,3,2,1.0
154737,3,2,1.0
154738,3,2,1.0
154739,3,2,1.0
154740,3,2,1.0
154741,3,2,1.0
154742,3,2,1.0
154743,3,2,1.0
154744,3,2,1.0
154745,3,2,1.0
154746,3,2,1.0
154747,3,2,1.0
154748,3,2,1.0
154749,3,2,1.0
154750,3,2,1.0
154751,3,2,1.0
154752,3,2,1.0
154753,3,2,1.0
154754,3,2,1.0
154755,3,2,1.0
154756,3,2,1.0
154757,3,2,1.0
154758,3,2,1.0
154759,3,2,1.0
154760,3,2,1.0
154761,3,2,1.0
154762,3,2,1.0
154763,3,2,1.0
154764,3,2,1.0
154765,3,2,1.0
154766,3,2,1.0
154767,3,2,1.0
154768,3,2,1.0
154769,3,2,1.0
154770,3,2,1.0
154771,3,2,1.0
154772,3,2,1.0
154773,3,2,1.0
154774,3,2,1.0
154775,3,2,1.0
154776,3,2,1.0
154777,3,2,1.0
154778,3,2,1.0
154779,3,2,1.0
154780,3,2,1.0
154781,3,2,1.0
154782,3,2,1.0
154783,3,2,1.0
154784,3,2,1.0
154785,3,2,1.0
154786,3,2,1.0
154787,3,2,1.0
154788,3,2,1.0
154789,3,2,1.0
154790,3,2,1.0
154791,3,2,1.0
154792,3,2,1.0
154793,3,2,1.0
154794,3,2,1.0
154795,3,2,1.0
154796,3,2,1.0
154797,3,2,1.0
154798,3,2,1.0
154799,3,2,1.0
154800,3,2,1.0
154801,3,2,1.0
154802,3,2,1.0
154803,3,2,1.0
154804,3,2,1.0
154805,3,2,1.0
154806,3,2,1.0
154807,3,2,1.0
154808,3,2,1.0
154809,3,2,1.0
154810,3,2,1.0
154811,3,2,1.0
154812,3,2,1.0
154813,3,2,1.0
154814,3,2,1.0
154815,3,2,1.0
154816,3,2,1.0
154817,3,2,1.0
154818,3,2,1.0
154819,3,2,1.0
154820,3,2,1.0
154821,3,2,1.0
154822,3,2,1.0
154823,3,2,1.0
154824,3,2,1.0
154825,3,2,1.0
154826,3,2,1.0
154827,3,2,1.0
154828,3,2,1.0
154829,3,2,1.0
154830,3,2,1.0
154831,3,2,1.0
154832,3,2,1.0
154833,3,2,1.0
154834,3,2,1.0
154835,3,2,1.0
154836,3,2,1.0
154837,3,2,1.0
154838,3,2,1.0
154839,3,2,1.0
154840,3,2,1.0
154841,3,2,1.0
154842,3,2,1.0
154843,3,2,1.0
154844,3,2,1.0
154845,3,2,1.0
154846,3,2,1.0
154847,3,2,1.0
154848,3,2,1.0
154849,3,2,1.0
154850,3,2,1.0
154851,3,2,1.0
154852,3,2,1.0
154853,3,2,1.0
154854,3,2,1.0
154855,3,2,1.0
154856,3,2,1.0
154857,3,2,1.0
154858,3,2,1.0
154859,3,2,1.0
154860,3,2,1.0
154861,3,2,1.0
154862,3,2,1.0
154863,3,2,1.0
154864,3,2,1.0
154865,3,2,1.0
154866,3,2,1.0
154867,3,2,1.0
154868,3,2,1.0
154869,3,2,1.0
154870,3,2,1.0
154871,3,2,1.0
154872,3,2,1.0
154873,3,2,1.0
154874,3,2,1.0
154875,3,2,1.0
154876,3,2,1.0
154877,3,2,1.0
154878,3,2,1.0
154879,3,2,1.0
154880,3,2,1.0
154881,3,2,1.0
154882,3,2,1.0
154883,3,2,1.0
154884,3,2,1.0
154885,3,2,1.0
154886,3,2,1.0
154887,3,2,1.0
154888,3,2,1.0
154889,3,2,1.0
154890,3,2,1.0
154891,3,2,1.0
154892,3,2,1.0
154893,3,2,1.0
154894,3,2,1.0
154895,3,2,1.0
154896,3,2,1.0
154897,3,2,1.0
154898,3,2,1.0
154899,3,2,1.0
154900,3,2,1.0
154901,3,2,1.0
154902,3,2,1.0
154903,3,2,1.0
154904,3,2,1.0
154905,3,2,1.0
154906,3,2,1.0
154907,3,2,1.0
154908,3,2,1.0
154909,3,2,1.0
154910,3,2,1.0
154911,3,2,1.0
154912,3,2,1.0
154913,3,2,1.0
154914,3,2,1.0
154915,3,2,1.0
154916,3,2,1.0
154917,3,2,1.0
154918,3,2,1.0
154919,3,2,1.0
154920,3,2,1.0
154921,3,2,1.0
154922,3,2,1.0
154923,3,2,1.0
154924,3,2,1.0
154925,3,2,1.0
154926,3,2,1.0
154927,3,2,1.0
154928,3,2,1.0
154929,3,2,1.0
154930,3,2,1.0
154931,3,2,1.0
154932,3,2,1.0
154933,3,2,1.0
154934,3,2,1.0
154935,3,2,1.0
154936,3,2,1.0
154937,3,2,1.0
154938,3,2,1.0
154939,3,2,1.0
154940,3,2,1.0
154941,3,2,1.0
154942,3,2,1.0
154943,3,2,1.0
154944,3,2,1.0
154945,3,2,1.0
154946,3,2,1.0
154947,3,2,1.0
154948,3,2,1.0
154949,3,2,1.0
154950,3,2,1.0
154951,3,2,1.0
154952,3,2,1.0
154953,3,2,1.0
154954,3,2,1.0
154955,3,2,1.0
154956,3,2,1.0
154957,3,2,1.0
154958,3,2,1.0
154959,3,2,1.0
154960,3,2,1.0
154961,3,2,1.0
154962,3,2,1.0
154963,3,2,1.0
154964,3,2,1.0
154965,3,2,1.0
154966,3,2,1.0
154967,3,2,1.0
154968,3,2,1.0
154969,3,2,1.0
154970,3,2,1.0
154971,3,2,1.0
154972,3,2,1.0
154973,3,2,1.0
154974,3,2,1.0
154975,3,2,1.0
154976,3,2,1.0
154977,3,2,1.0
154978,3,2,1.0
154979,3,2,1.0
154980,3,2,1.0
154981,3,2,1.0
154982,3,2,1.0
154983,3,2,1.0
154984,3,2,1.0
154985,3,2,1.0
154986,3,2,1.0
154987,3,2,1.0
154988,3,2,1.0
154989,3,2,1.0
154990,3,2,1.0
154991,3,2,1.0
154992,3,2,1.0
154993,3,2,1.0
154994,3,2,1.0
154995,3,2,1.0
154996,3,2,1.0
154997,3,2,1.0
154998,3,2,1.0
154999,3,2,1.0
155000,3,2,1.0
155001,3,2,1.0
155002,3,2,1.0
155003,3,2,1.0
155004,3,2,1.0
155005,3,2,1.0
155006,3,2,1.0
155007,3,2,1.0
155008,3,2,1.0
155009,3,2,1.0
155010,3,2,1.0
155011,3,2,1.0
155012,3,2,1.0
155013,3,2,1.0
155014,3,2,1.0
155015,3,2,1.0
155016,3,2,1.0
155017,3,2,1.0
155018,3,2,1.0
155019,3,2,1.0
155020,3,2,1.0
155021,3,2,1.0
155022,3,2,1.0
155023,3,2,1.0
155024,3,2,1.0
155025,3,2,1.0
155026,3,2,1.0
155027,3,2,1.0
155028,3,2,1.0
155029,3,2,1.0
155030,3,2,1.0
155031,3,2,1.0
155032,3,2,1.0
155033,3,2,1.0
155034,3,2,1.0
155035,3,2,1.0
155036,3,2,1.0
155037,3,2,1.0
155038,3,2,1.0
155039,3,2,1.0
155040,3,2,1.0
155041,3,2,1.0
155042,3,2,1.0
155043,3,2,1.0
155044,3,2,1.0
155045,3,2,1.0
155046,3,2,1.0
155047,3,2,1.0
155048,3,2,1.0
155049,3,2,1.0
155050,3,2,1.0
155051,3,2,1.0
155052,3,2,1.0
155053,3,2,1.0
155054,3,2,1.0
155055,3,2,1.0
155056,3,2,1.0
155057,3,2,1.0
155058,3,2,1.0
155059,3,2,1.0
155060,3,2,1.0
155061,3,2,1.0
155062,3,2,1.0
155063,3,2,1.0
155064,3,2,1.0
155065,3,2,1.0
155066,3,2,1.0
155067,3,2,1.0
155068,3,2,1.0
155069,3,2,1.0
155070,3,2,1.0
155071,3,2,1.0
155072,3,2,1.0
155073,3,2,1.0
155074,3,2,1.0
155075,3,2,1.0
155076,3,2,1.0
155077,3,2,1.0
155078,3,2,1.0
155079,3,2,1.0
155080,3,2,1.0
155081,3,2,1.0
155082,3,2,1.0
155083,3,2,1.0
155084,3,2,1.0
155085,3,2,1.0
155086,3,2,1.0
155087,3,2,1.0
155088,3,2,1.0
155089,3,2,1.0
155090,3,2,1.0
155091,3,2,1.0
155092,3,2,1.0
155093,3,2,1.0
155094,3,2,1.0
155095,3,2,1.0
155096,3,2,1.0
155097,3,2,1.0
155098,3,2,1.0
155099,3,2,1.0
155100,3,2,1.0
155101,3,2,1.0
155102,3,2,1.0
155103,3,2,1.0
155104,3,2,1.0
155105,3,2,1.0
155106,3,2,1.0
155107,3,2,1.0
155108,3,2,1.0
155109,3,2,1.0
155110,3,2,1.0
155111,3,2,1.0
155112,3,2,1.0
155113,3,2,1.0
155114,3,2,1.0
155115,3,2,1.0
155116,3,2,1.0
155117,3,2,1.0
155118,3,2,1.0
155119,3,2,1.0
155120,3,2,1.0
155121,3,2,1.0
155122,3,2,1.0
155123,3,2,1.0
155124,3,2,1.0
155125,3,2,1.0
155126,3,2,1.0
155127,3,2,1.0
155128,3,2,1.0
155129,3,2,1.0
155130,3,2,1.0
155131,3,2,1.0
155132,3,2,1.0
155133,3,2,1.0
155134,3,2,1.0
155135,3,2,1.0
155136,3,2,1.0
155137,3,2,1.0
155138,3,2,1.0
155139,3,2,1.0
155140,3,2,1.0
155141,3,2,1.0
155142,3,2,1.0
155143,3,2,1.0
155144,3,2,1.0
155145,3,2,1.0
155146,3,2,1.0
155147,3,2,1.0
155148,3,2,1.0
155149,3,2,1.0
155150,3,2,1.0
155151,3,2,1.0
155152,3,2,1.0
155153,3,2,1.0
155154,3,2,1.0
155155,3,2,1.0
155156,3,2,1.0
155157,3,2,1.0
155158,3,2,1.0
155159,3,2,1.0
155160,3,2,1.0
155161,3,2,1.0
155162,3,2,1.0
155163,3,2,1.0
155164,3,2,1.0
155165,3,2,1.0
155166,3,2,1.0
155167,3,2,1.0
155168,3,2,1.0
155169,3,2,1.0
155170,3,2,1.0
155171,3,2,1.0
155172,3,2,1.0
155173,3,2,1.0
155174,3,2,1.0
155175,3,2,1.0
155176,3,2,1.0
155177,3,2,1.0
155178,3,2,1.0
155179,3,2,1.0
155180,3,2,1.0
155181,3,2,1.0
155182,3,2,1.0
155183,3,2,1.0
155184,3,2,1.0
155185,3,2,1.0
155186,3,2,1.0
155187,3,2,1.0
155188,3,2,1.0
155189,3,2,1.0
155190,3,2,1.0
155191,3,2,1.0
155192,3,2,1.0
155193,3,2,1.0
155194,3,2,1.0
155195,3,2,1.0
155196,3,2,1.0
155197,3,2,1.0
155198,3,2,1.0
155199,3,2,1.0
155200,3,2,1.0
155201,3,2,1.0
155202,3,2,1.0
155203,3,2,1.0
155204,3,2,1.0
155205,3,2,1.0
155206,3,2,1.0
155207,3,2,1.0
155208,3,2,1.0
155209,3,2,1.0
155210,3,2,1.0
155211,3,2,1.0
155212,3,2,1.0
155213,3,2,1.0
155214,3,2,1.0
155215,3,2,1.0
155216,3,2,1.0
155217,3,2,1.0
155218,3,2,1.0
155219,3,2,1.0
155220,3,2,1.0
155221,3,2,1.0
155222,3,2,1.0
155223,3,2,1.0
155224,3,2,1.0
155225,3,2,1.0
155226,3,2,1.0
155227,3,2,1.0
155228,3,2,1.0
155229,3,2,1.0
155230,3,2,1.0
155231,3,2,1.0
155232,3,2,1.0
155233,3,2,1.0
155234,3,2,1.0
155235,3,2,1.0
155236,3,2,1.0
155237,3,2,1.0
155238,3,2,1.0
155239,3,2,1.0
155240,3,2,1.0
155241,3,2,1.0
155242,3,2,1.0
155243,3,2,1.0
155244,3,2,1.0
155245,3,2,1.0
155246,3,2,1.0
155247,3,2,1.0
155248,3,2,1.0
155249,3,2,1.0
155250,3,2,1.0
155251,3,2,1.0
155252,3,2,1.0
155253,3,2,1.0
155254,3,2,1.0
155255,3,2,1.0
155256,3,2,1.0
155257,3,2,1.0
155258,3,2,1.0
155259,3,2,1.0
155260,3,2,1.0
155261,3,2,1.0
155262,3,2,1.0
155263,3,2,1.0
155264,3,2,1.0
155265,3,2,1.0
155266,3,2,1.0
155267,3,2,1.0
155268,3,2,1.0
155269,3,2,1.0
155270,3,2,1.0
155271,3,2,1.0
155272,3,2,1.0
155273,3,2,1.0
155274,3,2,1.0
155275,3,2,1.0
155276,3,2,1.0
155277,3,2,1.0
155278,3,2,1.0
155279,3,2,1.0
155280,3,2,1.0
155281,3,2,1.0
155282,3,2,1.0
155283,3,2,1.0
155284,3,2,1.0
155285,3,2,1.0
155286,3,2,1.0
155287,3,2,1.0
155288,3,2,1.0
155289,3,2,1.0
155290,3,2,1.0
155291,3,2,1.0
155292,3,2,1.0
155293,3,2,1.0
155294,3,2,1.0
155295,3,2,1.0
155296,3,2,1.0
155297,3,2,1.0
155298,3,2,1.0
155299,3,2,1.0
155300,3,2,1.0
155301,3,2,1.0
155302,3,2,1.0
155303,3,2,1.0
155304,3,2,1.0
155305,3,2,1.0
155306,3,2,1.0
155307,3,2,1.0
155308,3,2,1.0
155309,3,2,1.0
155310,3,2,1.0
155311,3,2,1.0
155312,3,2,1.0
155313,3,2,1.0
155314,3,2,1.0
155315,3,2,1.0
155316,3,2,1.0
155317,3,2,1.0
155318,3,2,1.0
155319,3,2,1.0
155320,3,2,1.0
155321,3,2,1.0
155322,3,2,1.0
155323,3,2,1.0
155324,3,2,1.0
155325,3,2,1.0
155326,3,2,1.0
155327,3,2,1.0
155328,3,2,1.0
155329,3,2,1.0
155330,3,2,1.0
155331,3,2,1.0
155332,3,2,1.0
155333,3,2,1.0
155334,3,2,1.0
155335,3,2,1.0
155336,3,2,1.0
155337,3,2,1.0
155338,3,2,1.0
155339,3,2,1.0
155340,3,2,1.0
155341,3,2,1.0
155342,3,2,1.0
155343,3,2,1.0
155344,3,2,1.0
155345,3,2,1.0
155346,3,2,1.0
155347,3,2,1.0
155348,3,2,1.0
155349,3,2,1.0
155350,3,2,1.0
155351,3,2,1.0
155352,3,2,1.0
155353,3,2,1.0
155354,3,2,1.0
155355,3,2,1.0
155356,3,2,1.0
155357,3,2,1.0
155358,3,2,1.0
155359,3,2,1.0
155360,3,2,1.0
155361,3,2,1.0
155362,3,2,1.0
155363,3,2,1.0
155364,3,2,1.0
155365,3,2,1.0
155366,3,2,1.0
155367,3,2,1.0
155368,3,2,1.0
155369,3,2,1.0
155370,3,2,1.0
155371,3,2,1.0
155372,3,2,1.0
155373,3,2,1.0
155374,3,2,1.0
155375,3,2,1.0
155376,3,2,1.0
155377,3,2,1.0
155378,3,2,1.0
155379,3,2,1.0
155380,3,2,1.0
155381,3,2,1.0
155382,3,2,1.0
155383,3,2,1.0
155384,3,2,1.0
155385,3,2,1.0
155386,3,2,1.0
155387,3,2,1.0
155388,3,2,1.0
155389,3,2,1.0
155390,3,2,1.0
155391,3,2,1.0
155392,3,2,1.0
155393,3,2,1.0
155394,3,2,1.0
155395,3,2,1.0
155396,3,2,1.0
155397,3,2,1.0
155398,3,2,1.0
155399,3,2,1.0
155400,3,2,1.0
155401,3,2,1.0
155402,3,2,1.0
155403,3,2,1.0
155404,3,2,1.0
155405,3,2,1.0
155406,3,2,1.0
155407,3,2,1.0
155408,3,2,1.0
155409,3,2,1.0
155410,3,2,1.0
155411,3,2,1.0
155412,3,2,1.0
155413,3,2,1.0
155414,3,2,1.0
155415,3,2,1.0
155416,3,2,1.0
155417,3,2,1.0
155418,3,2,1.0
155419,3,2,1.0
155420,3,2,1.0
155421,3,2,1.0
155422,3,2,1.0
155423,3,2,1.0
155424,3,2,1.0
155425,3,2,1.0
155426,3,2,1.0
155427,3,2,1.0
155428,3,2,1.0
155429,3,2,1.0
155430,3,2,1.0
155431,3,2,1.0
155432,3,2,1.0
155433,3,2,1.0
155434,3,2,1.0
155435,3,2,1.0
155436,3,2,1.0
155437,3,2,1.0
155438,3,2,1.0
155439,3,2,1.0
155440,3,2,1.0
155441,3,2,1.0
155442,3,2,1.0
155443,3,2,1.0
155444,3,2,1.0
155445,3,2,1.0
155446,3,2,1.0
155447,3,2,1.0
155448,3,2,1.0
155449,3,2,1.0
155450,3,2,1.0
155451,3,2,1.0
155452,3,2,1.0
155453,3,2,1.0
155454,3,2,1.0
155455,3,2,1.0
155456,3,2,1.0
155457,3,2,1.0
155458,3,2,1.0
155459,3,2,1.0
155460,3,2,1.0
155461,3,2,1.0
155462,3,2,1.0
155463,3,2,1.0
155464,3,2,1.0
155465,3,2,1.0
155466,3,2,1.0
155467,3,2,1.0
155468,3,2,1.0
155469,3,2,1.0
155470,3,2,1.0
155471,3,2,1.0
155472,3,2,1.0
155473,3,2,1.0
155474,3,2,1.0
155475,3,2,1.0
155476,3,2,1.0
155477,3,2,1.0
155478,3,2,1.0
155479,3,2,1.0
155480,3,2,1.0
155481,3,2,1.0
155482,3,2,1.0
155483,3,2,1.0
155484,3,2,1.0
155485,3,2,1.0
155486,3,2,1.0
155487,3,2,1.0
155488,3,2,1.0
155489,3,2,1.0
155490,3,2,1.0
155491,3,2,1.0
155492,3,2,1.0
155493,3,2,1.0
155494,3,2,1.0
155495,3,2,1.0
155496,3,2,1.0
155497,3,2,1.0
155498,3,2,1.0
155499,3,2,1.0
155500,3,2,1.0
155501,3,2,1.0
155502,3,2,1.0
155503,3,2,1.0
155504,3,2,1.0
155505,3,2,1.0
155506,3,2,1.0
155507,3,2,1.0
155508,3,2,1.0
155509,3,2,1.0
155510,3,2,1.0
155511,3,2,1.0
155512,3,2,1.0
155513,3,2,1.0
155514,3,2,1.0
155515,3,2,1.0
155516,3,2,1.0
155517,3,2,1.0
155518,3,2,1.0
155519,3,2,1.0
155520,3,2,1.0
155521,3,2,1.0
155522,3,2,1.0
155523,3,2,1.0
155524,3,2,1.0
155525,3,2,1.0
155526,3,2,1.0
155527,3,2,1.0
155528,3,2,1.0
155529,3,2,1.0
155530,3,2,1.0
155531,3,2,1.0
155532,3,2,1.0
155533,3,2,1.0
155534,3,2,1.0
155535,3,2,1.0
155536,3,2,1.0
155537,3,2,1.0
155538,3,2,1.0
155539,3,2,1.0
155540,3,2,1.0
155541,3,2,1.0
155542,3,2,1.0
155543,3,2,1.0
155544,3,2,1.0
155545,3,2,1.0
155546,3,2,1.0
155547,3,2,1.0
155548,3,2,1.0
155549,3,2,1.0
155550,3,2,1.0
155551,3,2,1.0
155552,3,2,1.0
155553,3,2,1.0
155554,3,2,1.0
155555,3,2,1.0
155556,3,2,1.0
155557,3,2,1.0
155558,3,2,1.0
155559,3,2,1.0
155560,3,2,1.0
155561,3,2,1.0
155562,3,2,1.0
155563,3,2,1.0
155564,3,2,1.0
155565,3,2,1.0
155566,3,2,1.0
155567,3,2,1.0
155568,3,2,1.0
155569,3,2,1.0
155570,3,2,1.0
155571,3,2,1.0
155572,3,2,1.0
155573,3,2,1.0
155574,3,2,1.0
155575,3,2,1.0
155576,3,2,1.0
155577,3,2,1.0
155578,3,2,1.0
155579,3,2,1.0
155580,3,2,1.0
155581,3,2,1.0
155582,3,2,1.0
155583,3,2,1.0
155584,3,2,1.0
155585,3,2,1.0
155586,3,2,1.0
155587,3,2,1.0
155588,3,2,1.0
155589,3,2,1.0
155590,3,2,1.0
155591,3,2,1.0
155592,3,2,1.0
155593,3,2,1.0
155594,3,2,1.0
155595,3,2,1.0
155596,3,2,1.0
155597,3,2,1.0
155598,3,2,1.0
155599,3,2,1.0
155600,3,2,1.0
155601,3,2,1.0
155602,3,2,1.0
155603,3,2,1.0
155604,3,2,1.0
155605,3,2,1.0
155606,3,2,1.0
155607,3,2,1.0
155608,3,2,1.0
155609,3,2,1.0
155610,3,2,1.0
155611,3,2,1.0
155612,3,2,1.0
155613,3,2,1.0
155614,3,2,1.0
155615,3,2,1.0
155616,3,2,1.0
155617,3,2,1.0
155618,3,2,1.0
155619,3,2,1.0
155620,3,2,1.0
155621,3,2,1.0
155622,3,2,1.0
155623,3,2,1.0
155624,3,2,1.0
155625,3,2,1.0
155626,3,2,1.0
155627,3,2,1.0
155628,3,2,1.0
155629,3,2,1.0
155630,3,2,1.0
155631,3,2,1.0
155632,3,2,1.0
155633,3,2,1.0
155634,3,2,1.0
155635,3,2,1.0
155636,3,2,1.0
155637,3,2,1.0
155638,3,2,1.0
155639,3,2,1.0
155640,3,2,1.0
155641,3,2,1.0
155642,3,2,1.0
155643,3,2,1.0
155644,3,2,1.0
155645,3,2,1.0
155646,3,2,1.0
155647,3,2,1.0
155648,3,2,1.0
155649,3,2,1.0
155650,3,2,1.0
155651,3,2,1.0
155652,3,2,1.0
155653,3,2,1.0
155654,3,2,1.0
155655,3,2,1.0
155656,3,2,1.0
155657,3,2,1.0
155658,3,2,1.0
155659,3,2,1.0
155660,3,2,1.0
155661,3,2,1.0
155662,3,2,1.0
155663,3,2,1.0
155664,3,2,1.0
155665,3,2,1.0
155666,3,2,1.0
155667,3,2,1.0
155668,3,2,1.0
155669,3,2,1.0
155670,3,2,1.0
155671,3,2,1.0
155672,3,2,1.0
155673,3,2,1.0
155674,3,2,1.0
155675,3,2,1.0
155676,3,2,1.0
155677,3,2,1.0
155678,3,2,1.0
155679,3,2,1.0
155680,3,2,1.0
155681,3,2,1.0
155682,3,2,1.0
155683,3,2,1.0
155684,3,2,1.0
155685,3,2,1.0
155686,3,2,1.0
155687,3,2,1.0
155688,3,2,1.0
155689,3,2,1.0
155690,3,2,1.0
155691,3,2,1.0
155692,3,2,1.0
155693,3,2,1.0
155694,3,2,1.0
155695,3,2,1.0
155696,3,2,1.0
155697,3,2,1.0
155698,3,2,1.0
155699,3,2,1.0
155700,3,2,1.0
155701,3,2,1.0
155702,3,2,1.0
155703,3,2,1.0
155704,3,2,1.0
155705,3,2,1.0
155706,3,2,1.0
155707,3,2,1.0
155708,3,2,1.0
155709,3,2,1.0
155710,3,2,1.0
155711,3,2,1.0
155712,3,2,1.0
155713,3,2,1.0
155714,3,2,1.0
155715,3,2,1.0
155716,3,2,1.0
155717,3,2,1.0
155718,3,2,1.0
155719,3,2,1.0
155720,3,2,1.0
155721,3,2,1.0
155722,3,2,1.0
155723,3,2,1.0
155724,3,2,1.0
155725,3,2,1.0
155726,3,2,1.0
155727,3,2,1.0
155728,3,2,1.0
155729,3,2,1.0
155730,3,2,1.0
155731,3,2,1.0
155732,3,2,1.0
155733,3,2,1.0
155734,3,2,1.0
155735,3,2,1.0
155736,3,2,1.0
155737,3,2,1.0
155738,3,2,1.0
155739,3,2,1.0
155740,3,2,1.0
155741,3,2,1.0
155742,3,2,1.0
155743,3,2,1.0
155744,3,2,1.0
155745,3,2,1.0
155746,3,2,1.0
155747,3,2,1.0
155748,3,2,1.0
155749,3,2,1.0
155750,3,2,1.0
155751,3,2,1.0
155752,3,2,1.0
155753,3,2,1.0
155754,3,2,1.0
155755,3,2,1.0
155756,3,2,1.0
155757,3,2,1.0
155758,3,2,1.0
155759,3,2,1.0
155760,3,2,1.0
155761,3,2,1.0
155762,3,2,1.0
155763,3,2,1.0
155764,3,2,1.0
155765,3,2,1.0
155766,3,2,1.0
155767,3,2,1.0
155768,3,2,1.0
155769,3,2,1.0
155770,3,2,1.0
155771,3,2,1.0
155772,3,2,1.0
155773,3,2,1.0
155774,3,2,1.0
155775,3,2,1.0
155776,3,2,1.0
155777,3,2,1.0
155778,3,2,1.0
155779,3,2,1.0
155780,3,2,1.0
155781,3,2,1.0
155782,3,2,1.0
155783,3,2,1.0
155784,3,2,1.0
155785,3,2,1.0
155786,3,2,1.0
155787,3,2,1.0
155788,3,2,1.0
155789,3,2,1.0
155790,3,2,1.0
155791,3,2,1.0
155792,3,2,1.0
155793,3,2,1.0
155794,3,2,1.0
155795,3,2,1.0
155796,3,2,1.0
155797,3,2,1.0
155798,3,2,1.0
155799,3,2,1.0
155800,3,2,1.0
155801,3,2,1.0
155802,3,2,1.0
155803,3,2,1.0
155804,3,2,1.0
155805,3,2,1.0
155806,3,2,1.0
155807,3,2,1.0
155808,3,2,1.0
155809,3,2,1.0
155810,3,2,1.0
155811,3,2,1.0
155812,3,2,1.0
155813,3,2,1.0
155814,3,2,1.0
155815,3,2,1.0
155816,3,2,1.0
155817,3,2,1.0
155818,3,2,1.0
155819,3,2,1.0
155820,3,2,1.0
155821,3,2,1.0
155822,3,2,1.0
155823,3,2,1.0
155824,3,2,1.0
155825,3,2,1.0
155826,3,2,1.0
155827,3,2,1.0
155828,3,2,1.0
155829,3,2,1.0
155830,3,2,1.0
155831,3,2,1.0
155832,3,2,1.0
155833,3,2,1.0
155834,3,2,1.0
155835,3,2,1.0
155836,3,2,1.0
155837,3,2,1.0
155838,3,2,1.0
155839,3,2,1.0
155840,3,2,1.0
155841,3,2,1.0
155842,3,2,1.0
155843,3,2,1.0
155844,3,2,1.0
155845,3,2,1.0
155846,3,2,1.0
155847,3,2,1.0
155848,3,2,1.0
155849,3,2,1.0
155850,3,2,1.0
155851,3,2,1.0
155852,3,2,1.0
155853,3,2,1.0
155854,3,2,1.0
155855,3,2,1.0
155856,3,2,1.0
155857,3,2,1.0
155858,3,2,1.0
155859,3,2,1.0
155860,3,2,1.0
155861,3,2,1.0
155862,3,2,1.0
155863,3,2,1.0
155864,3,2,1.0
155865,3,2,1.0
155866,3,2,1.0
155867,3,2,1.0
155868,3,2,1.0
155869,3,2,1.0
155870,3,2,1.0
155871,3,2,1.0
155872,3,2,1.0
155873,3,2,1.0
155874,3,2,1.0
155875,3,2,1.0
155876,3,2,1.0
155877,3,2,1.0
155878,3,2,1.0
155879,3,2,1.0
155880,3,2,1.0
155881,3,2,1.0
155882,3,2,1.0
155883,3,2,1.0
155884,3,2,1.0
155885,3,2,1.0
155886,3,2,1.0
155887,3,2,1.0
155888,3,2,1.0
155889,3,2,1.0
155890,3,2,1.0
155891,3,2,1.0
155892,3,2,1.0
155893,3,2,1.0
155894,3,2,1.0
155895,3,2,1.0
155896,3,2,1.0
155897,3,2,1.0
155898,3,2,1.0
155899,3,2,1.0
155900,3,2,1.0
155901,3,2,1.0
155902,3,2,1.0
155903,3,2,1.0
155904,3,2,1.0
155905,3,2,1.0
155906,3,2,1.0
155907,3,2,1.0
155908,3,2,1.0
155909,3,2,1.0
155910,3,2,1.0
155911,3,2,1.0
155912,3,2,1.0
155913,3,2,1.0
155914,3,2,1.0
155915,3,2,1.0
155916,3,2,1.0
155917,3,2,1.0
155918,3,2,1.0
155919,3,2,1.0
155920,3,2,1.0
155921,3,2,1.0
155922,3,2,1.0
155923,3,2,1.0
155924,3,2,1.0
155925,3,2,1.0
155926,3,2,1.0
155927,3,2,1.0
155928,3,2,1.0
155929,3,2,1.0
155930,3,2,1.0
155931,3,2,1.0
155932,3,2,1.0
155933,3,2,1.0
155934,3,2,1.0
155935,3,2,1.0
155936,3,2,1.0
155937,3,2,1.0
155938,3,2,1.0
155939,3,2,1.0
155940,3,2,1.0
155941,3,2,1.0
155942,3,2,1.0
155943,3,2,1.0
155944,3,2,1.0
155945,3,2,1.0
155946,3,2,1.0
155947,3,2,1.0
155948,3,2,1.0
155949,3,2,1.0
155950,3,2,1.0
155951,3,2,1.0
155952,3,2,1.0
155953,3,2,1.0
155954,3,2,1.0
155955,3,2,1.0
155956,3,2,1.0
155957,3,2,1.0
155958,3,2,1.0
155959,3,2,1.0
155960,3,2,1.0
155961,3,2,1.0
155962,3,2,1.0
155963,3,2,1.0
155964,3,2,1.0
155965,3,2,1.0
155966,3,2,1.0
155967,3,2,1.0
155968,3,2,1.0
155969,3,2,1.0
155970,3,2,1.0
155971,3,2,1.0
155972,3,2,1.0
155973,3,2,1.0
155974,3,2,1.0
155975,3,2,1.0
155976,3,2,1.0
155977,3,2,1.0
155978,3,2,1.0
155979,3,2,1.0
155980,3,2,1.0
155981,3,2,1.0
155982,3,2,1.0
155983,3,2,1.0
155984,3,2,1.0
155985,3,2,1.0
155986,3,2,1.0
155987,3,2,1.0
155988,3,2,1.0
155989,3,2,1.0
155990,3,2,1.0
155991,3,2,1.0
155992,3,2,1.0
155993,3,2,1.0
155994,3,2,1.0
155995,3,2,1.0
155996,3,2,1.0
155997,3,2,1.0
155998,3,2,1.0
155999,3,2,1.0
156000,3,2,1.0
156001,3,2,1.0
156002,3,2,1.0
156003,3,2,1.0
156004,3,2,1.0
156005,3,2,1.0
156006,3,2,1.0
156007,3,2,1.0
156008,3,2,1.0
156009,3,2,1.0
156010,3,2,1.0
156011,3,2,1.0
156012,3,2,1.0
156013,3,2,1.0
156014,3,2,1.0
156015,3,2,1.0
156016,3,2,1.0
156017,3,2,1.0
156018,3,2,1.0
156019,3,2,1.0
156020,3,2,1.0
156021,3,2,1.0
156022,3,2,1.0
156023,3,2,1.0
156024,3,2,1.0
156025,3,2,1.0
156026,3,2,1.0
156027,3,2,1.0
156028,3,2,1.0
156029,3,2,1.0
156030,3,2,1.0
156031,3,2,1.0
156032,3,2,1.0
156033,3,2,1.0
156034,3,2,1.0
156035,3,2,1.0
156036,3,2,1.0
156037,3,2,1.0
156038,3,2,1.0
156039,3,2,1.0
156040,3,2,1.0
156041,3,2,1.0
156042,3,2,1.0
156043,3,2,1.0
156044,3,2,1.0
156045,3,2,1.0
156046,3,2,1.0
156047,3,2,1.0
156048,3,2,1.0
156049,3,2,1.0
156050,3,2,1.0
156051,3,2,1.0
156052,3,2,1.0
156053,3,2,1.0
156054,3,2,1.0
156055,3,2,1.0
156056,3,2,1.0
156057,3,2,1.0
156058,3,2,1.0
156059,3,2,1.0
156060,3,2,1.0
156061,3,2,1.0
156062,3,2,1.0
156063,3,2,1.0
156064,3,2,1.0
156065,3,2,1.0
156066,3,2,1.0
156067,3,2,1.0
156068,3,2,1.0
156069,3,2,1.0
156070,3,2,1.0
156071,3,2,1.0
156072,3,2,1.0
156073,3,2,1.0
156074,3,2,1.0
156075,3,2,1.0
156076,3,2,1.0
156077,3,2,1.0
156078,3,2,1.0
156079,3,2,1.0
156080,3,2,1.0
156081,3,2,1.0
156082,3,2,1.0
156083,3,2,1.0
156084,3,2,1.0
156085,3,2,1.0
156086,3,2,1.0
156087,3,2,1.0
156088,3,2,1.0
156089,3,2,1.0
156090,3,2,1.0
156091,3,2,1.0
156092,3,2,1.0
156093,3,2,1.0
156094,3,2,1.0
156095,3,2,1.0
156096,3,2,1.0
156097,3,2,1.0
156098,3,2,1.0
156099,3,2,1.0
156100,3,2,1.0
156101,3,2,1.0
156102,3,2,1.0
156103,3,2,1.0
156104,3,2,1.0
156105,3,2,1.0
156106,3,2,1.0
156107,3,2,1.0
156108,3,2,1.0
156109,3,2,1.0
156110,3,2,1.0
156111,3,2,1.0
156112,3,2,1.0
156113,3,2,1.0
156114,3,2,1.0
156115,3,2,1.0
156116,3,2,1.0
156117,3,2,1.0
156118,3,2,1.0
156119,3,2,1.0
156120,3,2,1.0
156121,3,2,1.0
156122,3,2,1.0
156123,3,2,1.0
156124,3,2,1.0
156125,3,2,1.0
156126,3,2,1.0
156127,3,2,1.0
156128,3,2,1.0
156129,3,2,1.0
156130,3,2,1.0
156131,3,2,1.0
156132,3,2,1.0
156133,3,2,1.0
156134,3,2,1.0
156135,3,2,1.0
156136,3,2,1.0
156137,3,2,1.0
156138,3,2,1.0
156139,3,2,1.0
156140,3,2,1.0
156141,3,2,1.0
156142,3,2,1.0
156143,3,2,1.0
156144,3,2,1.0
156145,3,2,1.0
156146,3,2,1.0
156147,3,2,1.0
156148,3,2,1.0
156149,3,2,1.0
156150,3,2,1.0
156151,3,2,1.0
156152,3,2,1.0
156153,3,2,1.0
156154,3,2,1.0
156155,3,2,1.0
156156,3,2,1.0
156157,3,2,1.0
156158,3,2,1.0
156159,3,2,1.0
156160,3,2,1.0
156161,3,2,1.0
156162,3,2,1.0
156163,3,2,1.0
156164,3,2,1.0
156165,3,2,1.0
156166,3,2,1.0
156167,3,2,1.0
156168,3,2,1.0
156169,3,2,1.0
156170,3,2,1.0
156171,3,2,1.0
156172,3,2,1.0
156173,3,2,1.0
156174,3,2,1.0
156175,3,2,1.0
156176,3,2,1.0
156177,3,2,1.0
156178,3,2,1.0
156179,3,2,1.0
156180,3,2,1.0
156181,3,2,1.0
156182,3,2,1.0
156183,3,2,1.0
156184,3,2,1.0
156185,3,2,1.0
156186,3,2,1.0
156187,3,2,1.0
156188,3,2,1.0
156189,3,2,1.0
156190,3,2,1.0
156191,3,2,1.0
156192,3,2,1.0
156193,3,2,1.0
156194,3,2,1.0
156195,3,2,1.0
156196,3,2,1.0
156197,3,2,1.0
156198,3,2,1.0
156199,3,2,1.0
156200,3,2,1.0
156201,3,2,1.0
156202,3,2,1.0
156203,3,2,1.0
156204,3,2,1.0
156205,3,2,1.0
156206,3,2,1.0
156207,3,2,1.0
156208,3,2,1.0
156209,3,2,1.0
156210,3,2,1.0
156211,3,2,1.0
156212,3,2,1.0
156213,3,2,1.0
156214,3,2,1.0
156215,3,2,1.0
156216,3,2,1.0
156217,3,2,1.0
156218,3,2,1.0
156219,3,2,1.0
156220,3,2,1.0
156221,3,2,1.0
156222,3,2,1.0
156223,3,2,1.0
156224,3,2,1.0
156225,3,2,1.0
156226,3,2,1.0
156227,3,2,1.0
156228,3,2,1.0
156229,3,2,1.0
156230,3,2,1.0
156231,3,2,1.0
156232,3,2,1.0
156233,3,2,1.0
156234,3,2,1.0
156235,3,2,1.0
156236,3,2,1.0
156237,3,2,1.0
156238,3,2,1.0
156239,3,2,1.0
156240,3,2,1.0
156241,3,2,1.0
156242,3,2,1.0
156243,3,2,1.0
156244,3,2,1.0
156245,3,2,1.0
156246,3,2,1.0
156247,3,2,1.0
156248,3,2,1.0
156249,3,2,1.0
156250,3,2,1.0
156251,3,2,1.0
156252,3,2,1.0
156253,3,2,1.0
156254,3,2,1.0
156255,3,2,1.0
156256,3,2,1.0
156257,3,2,1.0
156258,3,2,1.0
156259,3,2,1.0
156260,3,2,1.0
156261,3,2,1.0
156262,3,2,1.0
156263,3,2,1.0
156264,3,2,1.0
156265,3,2,1.0
156266,3,2,1.0
156267,3,2,1.0
156268,3,2,1.0
156269,3,2,1.0
156270,3,2,1.0
156271,3,2,1.0
156272,3,2,1.0
156273,3,2,1.0
156274,3,2,1.0
156275,3,2,1.0
156276,3,2,1.0
156277,3,2,1.0
156278,3,2,1.0
156279,3,2,1.0
156280,3,2,1.0
156281,3,2,1.0
156282,3,2,1.0
156283,3,2,1.0
156284,3,2,1.0
156285,3,2,1.0
156286,3,2,1.0
156287,3,2,1.0
156288,3,2,1.0
156289,3,2,1.0
156290,3,2,1.0
156291,3,2,1.0
156292,3,2,1.0
156293,3,2,1.0
156294,3,2,1.0
156295,3,2,1.0
156296,3,2,1.0
156297,3,2,1.0
156298,3,2,1.0
156299,3,2,1.0
156300,3,2,1.0
156301,3,2,1.0
156302,3,2,1.0
156303,3,2,1.0
156304,3,2,1.0
156305,3,2,1.0
156306,3,2,1.0
156307,3,2,1.0
156308,3,2,1.0
156309,3,2,1.0
156310,3,2,1.0
156311,3,2,1.0
156312,3,2,1.0
156313,3,2,1.0
156314,3,2,1.0
156315,3,2,1.0
156316,3,2,1.0
156317,3,2,1.0
156318,3,2,1.0
156319,3,2,1.0
156320,3,2,1.0
156321,3,2,1.0
156322,3,2,1.0
156323,3,2,1.0
156324,3,2,1.0
156325,3,2,1.0
156326,3,2,1.0
156327,3,2,1.0
156328,3,2,1.0
156329,3,2,1.0
156330,3,2,1.0
156331,3,2,1.0
156332,3,2,1.0
156333,3,2,1.0
156334,3,2,1.0
156335,3,2,1.0
156336,3,2,1.0
156337,3,2,1.0
156338,3,2,1.0
156339,3,2,1.0
156340,3,2,1.0
156341,3,2,1.0
156342,3,2,1.0
156343,3,2,1.0
156344,3,2,1.0
156345,3,2,1.0
156346,3,2,1.0
156347,3,2,1.0
156348,3,2,1.0
156349,3,2,1.0
156350,3,2,1.0
156351,3,2,1.0
156352,3,2,1.0
156353,3,2,1.0
156354,3,2,1.0
156355,3,2,1.0
156356,3,2,1.0
156357,3,2,1.0
156358,3,2,1.0
156359,3,2,1.0
156360,3,2,1.0
156361,3,2,1.0
156362,3,2,1.0
156363,3,2,1.0
156364,3,2,1.0
156365,3,2,1.0
156366,3,2,1.0
156367,3,2,1.0
156368,3,2,1.0
156369,3,2,1.0
156370,3,2,1.0
156371,3,2,1.0
156372,3,2,1.0
156373,3,2,1.0
156374,3,2,1.0
156375,3,2,1.0
156376,3,2,1.0
156377,3,2,1.0
156378,3,2,1.0
156379,3,2,1.0
156380,3,2,1.0
156381,3,2,1.0
156382,3,2,1.0
156383,3,2,1.0
156384,3,2,1.0
156385,3,2,1.0
156386,3,2,1.0
156387,3,2,1.0
156388,3,2,1.0
156389,3,2,1.0
156390,3,2,1.0
156391,3,2,1.0
156392,3,2,1.0
156393,3,2,1.0
156394,3,2,1.0
156395,3,2,1.0
156396,3,2,1.0
156397,3,2,1.0
156398,3,2,1.0
156399,3,2,1.0
156400,3,2,1.0
156401,3,2,1.0
156402,3,2,1.0
156403,3,2,1.0
156404,3,2,1.0
156405,3,2,1.0
156406,3,2,1.0
156407,3,2,1.0
156408,3,2,1.0
156409,3,2,1.0
156410,3,2,1.0
156411,3,2,1.0
156412,3,2,1.0
156413,3,2,1.0
156414,3,2,1.0
156415,3,2,1.0
156416,3,2,1.0
156417,3,2,1.0
156418,3,2,1.0
156419,3,2,1.0
156420,3,2,1.0
156421,3,2,1.0
156422,3,2,1.0
156423,3,2,1.0
156424,3,2,1.0
156425,3,2,1.0
156426,3,2,1.0
156427,3,2,1.0
156428,3,2,1.0
156429,3,2,1.0
156430,3,2,1.0
156431,3,2,1.0
156432,3,2,1.0
156433,3,2,1.0
156434,3,2,1.0
156435,3,2,1.0
156436,3,2,1.0
156437,3,2,1.0
156438,3,2,1.0
156439,3,2,1.0
156440,3,2,1.0
156441,3,2,1.0
156442,3,2,1.0
156443,3,2,1.0
156444,3,2,1.0
156445,3,2,1.0
156446,3,2,1.0
156447,3,2,1.0
156448,3,2,1.0
156449,3,2,1.0
156450,3,2,1.0
156451,3,2,1.0
156452,3,2,1.0
156453,3,2,1.0
156454,3,2,1.0
156455,3,2,1.0
156456,3,2,1.0
156457,3,2,1.0
156458,3,2,1.0
156459,3,2,1.0
156460,3,2,1.0
156461,3,2,1.0
156462,3,2,1.0
156463,3,2,1.0
156464,3,2,1.0
156465,3,2,1.0
156466,3,2,1.0
156467,3,2,1.0
156468,3,2,1.0
156469,3,2,1.0
156470,3,2,1.0
156471,3,2,1.0
156472,3,2,1.0
156473,3,2,1.0
156474,3,2,1.0
156475,3,2,1.0
156476,3,2,1.0
156477,3,2,1.0
156478,3,2,1.0
156479,3,2,1.0
156480,3,2,1.0
156481,3,2,1.0
156482,3,2,1.0
156483,3,2,1.0
156484,3,2,1.0
156485,3,2,1.0
156486,3,2,1.0
156487,3,2,1.0
156488,3,2,1.0
156489,3,2,1.0
156490,3,2,1.0
156491,3,2,1.0
156492,3,2,1.0
156493,3,2,1.0
156494,3,2,1.0
156495,3,2,1.0
156496,3,2,1.0
156497,3,2,1.0
156498,3,2,1.0
156499,3,2,1.0
156500,3,2,1.0
156501,3,2,1.0
156502,3,2,1.0
156503,3,2,1.0
156504,3,2,1.0
156505,3,2,1.0
156506,3,2,1.0
156507,3,2,1.0
156508,3,2,1.0
156509,3,2,1.0
156510,3,2,1.0
156511,3,2,1.0
156512,3,2,1.0
156513,3,2,1.0
156514,3,2,1.0
156515,3,2,1.0
156516,3,2,1.0
156517,3,2,1.0
156518,3,2,1.0
156519,3,2,1.0
156520,3,2,1.0
156521,3,2,1.0
156522,3,2,1.0
156523,3,2,1.0
156524,3,2,1.0
156525,3,2,1.0
156526,3,2,1.0
156527,3,2,1.0
156528,3,2,1.0
156529,3,2,1.0
156530,3,2,1.0
156531,3,2,1.0
156532,3,2,1.0
156533,3,2,1.0
156534,3,2,1.0
156535,3,2,1.0
156536,3,2,1.0
156537,3,2,1.0
156538,3,2,1.0
156539,3,2,1.0
156540,3,2,1.0
156541,3,2,1.0
156542,3,2,1.0
156543,3,2,1.0
156544,3,2,1.0
156545,3,2,1.0
156546,3,2,1.0
156547,3,2,1.0
156548,3,2,1.0
156549,3,2,1.0
156550,3,2,1.0
156551,3,2,1.0
156552,3,2,1.0
156553,3,2,1.0
156554,3,2,1.0
156555,3,2,1.0
156556,3,2,1.0
156557,3,2,1.0
156558,3,2,1.0
156559,3,2,1.0
156560,3,2,1.0
156561,3,2,1.0
156562,3,2,1.0
156563,3,2,1.0
156564,3,2,1.0
156565,3,2,1.0
156566,3,2,1.0
156567,3,2,1.0
156568,3,2,1.0
156569,3,2,1.0
156570,3,2,1.0
156571,3,2,1.0
156572,3,2,1.0
156573,3,2,1.0
156574,3,2,1.0
156575,3,2,1.0
156576,3,2,1.0
156577,3,2,1.0
156578,3,2,1.0
156579,3,2,1.0
156580,3,2,1.0
156581,3,2,1.0
156582,3,2,1.0
156583,3,2,1.0
156584,3,2,1.0
156585,3,2,1.0
156586,3,2,1.0
156587,3,2,1.0
156588,3,2,1.0
156589,3,2,1.0
156590,3,2,1.0
156591,3,2,1.0
156592,3,2,1.0
156593,3,2,1.0
156594,3,2,1.0
156595,3,2,1.0
156596,3,2,1.0
156597,3,2,1.0
156598,3,2,1.0
156599,3,2,1.0
156600,3,2,1.0
156601,3,2,1.0
156602,3,2,1.0
156603,3,2,1.0
156604,3,2,1.0
156605,3,2,1.0
156606,3,2,1.0
156607,3,2,1.0
156608,3,2,1.0
156609,3,2,1.0
156610,3,2,1.0
156611,3,2,1.0
156612,3,2,1.0
156613,3,2,1.0
156614,3,2,1.0
156615,3,2,1.0
156616,3,2,1.0
156617,3,2,1.0
156618,3,2,1.0
156619,3,2,1.0
156620,3,2,1.0
156621,3,2,1.0
156622,3,2,1.0
156623,3,2,1.0
156624,3,2,1.0
156625,3,2,1.0
156626,3,2,1.0
156627,3,2,1.0
156628,3,2,1.0
156629,3,2,1.0
156630,3,2,1.0
156631,3,2,1.0
156632,3,2,1.0
156633,3,2,1.0
156634,3,2,1.0
156635,3,2,1.0
156636,3,2,1.0
156637,3,2,1.0
156638,3,2,1.0
156639,3,2,1.0
156640,3,2,1.0
156641,3,2,1.0
156642,3,2,1.0
156643,3,2,1.0
156644,3,2,1.0
156645,3,2,1.0
156646,3,2,1.0
156647,3,2,1.0
156648,3,2,1.0
156649,3,2,1.0
156650,3,2,1.0
156651,3,2,1.0
156652,3,2,1.0
156653,3,2,1.0
156654,3,2,1.0
156655,3,2,1.0
156656,3,2,1.0
156657,3,2,1.0
156658,3,2,1.0
156659,3,2,1.0
156660,3,2,1.0
156661,3,2,1.0
156662,3,2,1.0
156663,3,2,1.0
156664,3,2,1.0
156665,3,2,1.0
156666,3,2,1.0
156667,3,2,1.0
156668,3,2,1.0
156669,3,2,1.0
156670,3,2,1.0
156671,3,2,1.0
156672,3,2,1.0
156673,3,2,1.0
156674,3,2,1.0
156675,3,2,1.0
156676,3,2,1.0
156677,3,2,1.0
156678,3,2,1.0
156679,3,2,1.0
156680,3,2,1.0
156681,3,2,1.0
156682,3,2,1.0
156683,3,2,1.0
156684,3,2,1.0
156685,3,2,1.0
156686,3,2,1.0
156687,3,2,1.0
156688,3,2,1.0
156689,3,2,1.0
156690,3,2,1.0
156691,3,2,1.0
156692,3,2,1.0
156693,3,2,1.0
156694,3,2,1.0
156695,3,2,1.0
156696,3,2,1.0
156697,3,2,1.0
156698,3,2,1.0
156699,3,2,1.0
156700,3,2,1.0
156701,3,2,1.0
156702,3,2,1.0
156703,3,2,1.0
156704,3,2,1.0
156705,3,2,1.0
156706,3,2,1.0
156707,3,2,1.0
156708,3,2,1.0
156709,3,2,1.0
156710,3,2,1.0
156711,3,2,1.0
156712,3,2,1.0
156713,3,2,1.0
156714,3,2,1.0
156715,3,2,1.0
156716,3,2,1.0
156717,3,2,1.0
156718,3,2,1.0
156719,3,2,1.0
156720,3,2,1.0
156721,3,2,1.0
156722,3,2,1.0
156723,3,2,1.0
156724,3,2,1.0
156725,3,2,1.0
156726,3,2,1.0
156727,3,2,1.0
156728,3,2,1.0
156729,3,2,1.0
156730,3,2,1.0
156731,3,2,1.0
156732,3,2,1.0
156733,3,2,1.0
156734,3,2,1.0
156735,3,2,1.0
156736,3,2,1.0
156737,3,2,1.0
156738,3,2,1.0
156739,3,2,1.0
156740,3,2,1.0
156741,3,2,1.0
156742,3,2,1.0
156743,3,2,1.0
156744,3,2,1.0
156745,3,2,1.0
156746,3,2,1.0
156747,3,2,1.0
156748,3,2,1.0
156749,3,2,1.0
156750,3,2,1.0
156751,3,2,1.0
156752,3,2,1.0
156753,3,2,1.0
156754,3,2,1.0
156755,3,2,1.0
156756,3,2,1.0
156757,3,2,1.0
156758,3,2,1.0
156759,3,2,1.0
156760,3,2,1.0
156761,3,2,1.0
156762,3,2,1.0
156763,3,2,1.0
156764,3,2,1.0
156765,3,2,1.0
156766,3,2,1.0
156767,3,2,1.0
156768,3,2,1.0
156769,3,2,1.0
156770,3,2,1.0
156771,3,2,1.0
156772,3,2,1.0
156773,3,2,1.0
156774,3,2,1.0
156775,3,2,1.0
156776,3,2,1.0
156777,3,2,1.0
156778,3,2,1.0
156779,3,2,1.0
156780,3,2,1.0
156781,3,2,1.0
156782,3,2,1.0
156783,3,2,1.0
156784,3,2,1.0
156785,3,2,1.0
156786,3,2,1.0
156787,3,2,1.0
156788,3,2,1.0
156789,3,2,1.0
156790,3,2,1.0
156791,3,2,1.0
156792,3,2,1.0
156793,3,2,1.0
156794,3,2,1.0
156795,3,2,1.0
156796,3,2,1.0
156797,3,2,1.0
156798,3,2,1.0
156799,3,2,1.0
156800,3,2,1.0
156801,3,2,1.0
156802,3,2,1.0
156803,3,2,1.0
156804,3,2,1.0
156805,3,2,1.0
156806,3,2,1.0
156807,3,2,1.0
156808,3,2,1.0
156809,3,2,1.0
156810,3,2,1.0
156811,3,2,1.0
156812,3,2,1.0
156813,3,2,1.0
156814,3,2,1.0
156815,3,2,1.0
156816,3,2,1.0
156817,3,2,1.0
156818,3,2,1.0
156819,3,2,1.0
156820,3,2,1.0
156821,3,2,1.0
156822,3,2,1.0
156823,3,2,1.0
156824,3,2,1.0
156825,3,2,1.0
156826,3,2,1.0
156827,3,2,1.0
156828,3,2,1.0
156829,3,2,1.0
156830,3,2,1.0
156831,3,2,1.0
156832,3,2,1.0
156833,3,2,1.0
156834,3,2,1.0
156835,3,2,1.0
156836,3,2,1.0
156837,3,2,1.0
156838,3,2,1.0
156839,3,2,1.0
156840,3,2,1.0
156841,3,2,1.0
156842,3,2,1.0
156843,3,2,1.0
156844,3,2,1.0
156845,3,2,1.0
156846,3,2,1.0
156847,3,2,1.0
156848,3,2,1.0
156849,3,2,1.0
156850,3,2,1.0
156851,3,2,1.0
156852,3,2,1.0
156853,3,2,1.0
156854,3,2,1.0
156855,3,2,1.0
156856,3,2,1.0
156857,3,2,1.0
156858,3,2,1.0
156859,3,2,1.0
156860,3,2,1.0
156861,3,2,1.0
156862,3,2,1.0
156863,3,2,1.0
156864,3,2,1.0
156865,3,2,1.0
156866,3,2,1.0
156867,3,2,1.0
156868,3,2,1.0
156869,3,2,1.0
156870,3,2,1.0
156871,3,2,1.0
156872,3,2,1.0
156873,3,2,1.0
156874,3,2,1.0
156875,3,2,1.0
156876,3,2,1.0
156877,3,2,1.0
156878,3,2,1.0
156879,3,2,1.0
156880,3,2,1.0
156881,3,2,1.0
156882,3,2,1.0
156883,3,2,1.0
156884,3,2,1.0
156885,3,2,1.0
156886,3,2,1.0
156887,3,2,1.0
156888,3,2,1.0
156889,3,2,1.0
156890,3,2,1.0
156891,3,2,1.0
156892,3,2,1.0
156893,3,2,1.0
156894,3,2,1.0
156895,3,2,1.0
156896,3,2,1.0
156897,3,2,1.0
156898,3,2,1.0
156899,3,2,1.0
156900,3,2,1.0
156901,3,2,1.0
156902,3,2,1.0
156903,3,2,1.0
156904,3,2,1.0
156905,3,2,1.0
156906,3,2,1.0
156907,3,2,1.0
156908,3,2,1.0
156909,3,2,1.0
156910,3,2,1.0
156911,3,2,1.0
156912,3,2,1.0
156913,3,2,1.0
156914,3,2,1.0
156915,3,2,1.0
156916,3,2,1.0
156917,3,2,1.0
156918,3,2,1.0
156919,3,2,1.0
156920,3,2,1.0
156921,3,2,1.0
156922,3,2,1.0
156923,3,2,1.0
156924,3,2,1.0
156925,3,2,1.0
156926,3,2,1.0
156927,3,2,1.0
156928,3,2,1.0
156929,3,2,1.0
156930,3,2,1.0
156931,3,2,1.0
156932,3,2,1.0
156933,3,2,1.0
156934,3,2,1.0
156935,3,2,1.0
156936,3,2,1.0
156937,3,2,1.0
156938,3,2,1.0
156939,3,2,1.0
156940,3,2,1.0
156941,3,2,1.0
156942,3,2,1.0
156943,3,2,1.0
156944,3,2,1.0
156945,3,2,1.0
156946,3,2,1.0
156947,3,2,1.0
156948,3,2,1.0
156949,3,2,1.0
156950,3,2,1.0
156951,3,2,1.0
156952,3,2,1.0
156953,3,2,1.0
156954,3,2,1.0
156955,3,2,1.0
156956,3,2,1.0
156957,3,2,1.0
156958,3,2,1.0
156959,3,2,1.0
156960,3,2,1.0
156961,3,2,1.0
156962,3,2,1.0
156963,3,2,1.0
156964,3,2,1.0
156965,3,2,1.0
156966,3,2,1.0
156967,3,2,1.0
156968,3,2,1.0
156969,3,2,1.0
156970,3,2,1.0
156971,3,2,1.0
156972,3,2,1.0
156973,3,2,1.0
156974,3,2,1.0
156975,3,2,1.0
156976,3,2,1.0
156977,3,2,1.0
156978,3,2,1.0
156979,3,2,1.0
156980,3,2,1.0
156981,3,2,1.0
156982,3,2,1.0
156983,3,2,1.0
156984,3,2,1.0
156985,3,2,1.0
156986,3,2,1.0
156987,3,2,1.0
156988,3,2,1.0
156989,3,2,1.0
156990,3,2,1.0
156991,3,2,1.0
156992,3,2,1.0
156993,3,2,1.0
156994,3,2,1.0
156995,3,2,1.0
156996,3,2,1.0
156997,3,2,1.0
156998,3,2,1.0
156999,3,2,1.0
157000,3,2,1.0
157001,3,2,1.0
157002,3,2,1.0
157003,3,2,1.0
157004,3,2,1.0
157005,3,2,1.0
157006,3,2,1.0
157007,3,2,1.0
157008,3,2,1.0
157009,3,2,1.0
157010,3,2,1.0
157011,3,2,1.0
157012,3,2,1.0
157013,3,2,1.0
157014,3,2,1.0
157015,3,2,1.0
157016,3,2,1.0
157017,3,2,1.0
157018,3,2,1.0
157019,3,2,1.0
157020,3,2,1.0
157021,3,2,1.0
157022,3,2,1.0
157023,3,2,1.0
157024,3,2,1.0
157025,3,2,1.0
157026,3,2,1.0
157027,3,2,1.0
157028,3,2,1.0
157029,3,2,1.0
157030,3,2,1.0
157031,3,2,1.0
157032,3,2,1.0
157033,3,2,1.0
157034,3,2,1.0
157035,3,2,1.0
157036,3,2,1.0
157037,3,2,1.0
157038,3,2,1.0
157039,3,2,1.0
157040,3,2,1.0
157041,3,2,1.0
157042,3,2,1.0
157043,3,2,1.0
157044,3,2,1.0
157045,3,2,1.0
157046,3,2,1.0
157047,3,2,1.0
157048,3,2,1.0
157049,3,2,1.0
157050,3,2,1.0
157051,3,2,1.0
157052,3,2,1.0
157053,3,2,1.0
157054,3,2,1.0
157055,3,2,1.0
157056,3,2,1.0
157057,3,2,1.0
157058,3,2,1.0
157059,3,2,1.0
157060,3,2,1.0
157061,3,2,1.0
157062,3,2,1.0
157063,3,2,1.0
157064,3,2,1.0
157065,3,2,1.0
157066,3,2,1.0
157067,3,2,1.0
157068,3,2,1.0
157069,3,2,1.0
157070,3,2,1.0
157071,3,2,1.0
157072,3,2,1.0
157073,3,2,1.0
157074,3,2,1.0
157075,3,2,1.0
157076,3,2,1.0
157077,3,2,1.0
157078,3,2,1.0
157079,3,2,1.0
157080,3,2,1.0
157081,3,2,1.0
157082,3,2,1.0
157083,3,2,1.0
157084,3,2,1.0
157085,3,2,1.0
157086,3,2,1.0
157087,3,2,1.0
157088,3,2,1.0
157089,3,2,1.0
157090,3,2,1.0
157091,3,2,1.0
157092,3,2,1.0
157093,3,2,1.0
157094,3,2,1.0
157095,3,2,1.0
157096,3,2,1.0
157097,3,2,1.0
157098,3,2,1.0
157099,3,2,1.0
157100,3,2,1.0
157101,3,2,1.0
157102,3,2,1.0
157103,3,2,1.0
157104,3,2,1.0
157105,3,2,1.0
157106,3,2,1.0
157107,3,2,1.0
157108,3,2,1.0
157109,3,2,1.0
157110,3,2,1.0
157111,3,2,1.0
157112,3,2,1.0
157113,3,2,1.0
157114,3,2,1.0
157115,3,2,1.0
157116,3,2,1.0
157117,3,2,1.0
157118,3,2,1.0
157119,3,2,1.0
157120,3,2,1.0
157121,3,2,1.0
157122,3,2,1.0
157123,3,2,1.0
157124,3,2,1.0
157125,3,2,1.0
157126,3,2,1.0
157127,3,2,1.0
157128,3,2,1.0
157129,3,2,1.0
157130,3,2,1.0
157131,3,2,1.0
157132,3,2,1.0
157133,3,2,1.0
157134,3,2,1.0
157135,3,2,1.0
157136,3,2,1.0
157137,3,2,1.0
157138,3,2,1.0
157139,3,2,1.0
157140,3,2,1.0
157141,3,2,1.0
157142,3,2,1.0
157143,3,2,1.0
157144,3,2,1.0
157145,3,2,1.0
157146,3,2,1.0
157147,3,2,1.0
157148,3,2,1.0
157149,3,2,1.0
157150,3,2,1.0
157151,3,2,1.0
157152,3,2,1.0
157153,3,2,1.0
157154,3,2,1.0
157155,3,2,1.0
157156,3,2,1.0
157157,3,2,1.0
157158,3,2,1.0
157159,3,2,1.0
157160,3,2,1.0
157161,3,2,1.0
157162,3,2,1.0
157163,3,2,1.0
157164,3,2,1.0
157165,3,2,1.0
157166,3,2,1.0
157167,3,2,1.0
157168,3,2,1.0
157169,3,2,1.0
157170,3,2,1.0
157171,3,2,1.0
157172,3,2,1.0
157173,3,2,1.0
157174,3,2,1.0
157175,3,2,1.0
157176,3,2,1.0
157177,3,2,1.0
157178,3,2,1.0
157179,3,2,1.0
157180,3,2,1.0
157181,3,2,1.0
157182,3,2,1.0
157183,3,2,1.0
157184,3,2,1.0
157185,3,2,1.0
157186,3,2,1.0
157187,3,2,1.0
157188,3,2,1.0
157189,3,2,1.0
157190,3,2,1.0
157191,3,2,1.0
157192,3,2,1.0
157193,3,2,1.0
157194,3,2,1.0
157195,3,2,1.0
157196,3,2,1.0
157197,3,2,1.0
157198,3,2,1.0
157199,3,2,1.0
157200,3,2,1.0
157201,3,2,1.0
157202,3,2,1.0
157203,3,2,1.0
157204,3,2,1.0
157205,3,2,1.0
157206,3,2,1.0
157207,3,2,1.0
157208,3,2,1.0
157209,3,2,1.0
157210,3,2,1.0
157211,3,2,1.0
157212,3,2,1.0
157213,3,2,1.0
157214,3,2,1.0
157215,3,2,1.0
157216,3,2,1.0
157217,3,2,1.0
157218,3,2,1.0
157219,3,2,1.0
157220,3,2,1.0
157221,3,2,1.0
157222,3,2,1.0
157223,3,2,1.0
157224,3,2,1.0
157225,3,2,1.0
157226,3,2,1.0
157227,3,2,1.0
157228,3,2,1.0
157229,3,2,1.0
157230,3,2,1.0
157231,3,2,1.0
157232,3,2,1.0
157233,3,2,1.0
157234,3,2,1.0
157235,3,2,1.0
157236,3,2,1.0
157237,3,2,1.0
157238,3,2,1.0
157239,3,2,1.0
157240,3,2,1.0
157241,3,2,1.0
157242,3,2,1.0
157243,3,2,1.0
157244,3,2,1.0
157245,3,2,1.0
157246,3,2,1.0
157247,3,2,1.0
157248,3,2,1.0
157249,3,2,1.0
157250,3,2,1.0
157251,3,2,1.0
157252,3,2,1.0
157253,3,2,1.0
157254,3,2,1.0
157255,3,2,1.0
157256,3,2,1.0
157257,3,2,1.0
157258,3,2,1.0
157259,3,2,1.0
157260,3,2,1.0
157261,3,2,1.0
157262,3,2,1.0
157263,3,2,1.0
157264,3,2,1.0
157265,3,2,1.0
157266,3,2,1.0
157267,3,2,1.0
157268,3,2,1.0
157269,3,2,1.0
157270,3,2,1.0
157271,3,2,1.0
157272,3,2,1.0
157273,3,2,1.0
157274,3,2,1.0
157275,3,2,1.0
157276,3,2,1.0
157277,3,2,1.0
157278,3,2,1.0
157279,3,2,1.0
157280,3,2,1.0
157281,3,2,1.0
157282,3,2,1.0
157283,3,2,1.0
157284,3,2,1.0
157285,3,2,1.0
157286,3,2,1.0
157287,3,2,1.0
157288,3,2,1.0
157289,3,2,1.0
157290,3,2,1.0
157291,3,2,1.0
157292,3,2,1.0
157293,3,2,1.0
157294,3,2,1.0
157295,3,2,1.0
157296,3,2,1.0
157297,3,2,1.0
157298,3,2,1.0
157299,3,2,1.0
157300,3,2,1.0
157301,3,2,1.0
157302,3,2,1.0
157303,3,2,1.0
157304,3,2,1.0
157305,3,2,1.0
157306,3,2,1.0
157307,3,2,1.0
157308,3,2,1.0
157309,3,2,1.0
157310,3,2,1.0
157311,3,2,1.0
157312,3,2,1.0
157313,3,2,1.0
157314,3,2,1.0
157315,3,2,1.0
157316,3,2,1.0
157317,3,2,1.0
157318,3,2,1.0
157319,3,2,1.0
157320,3,2,1.0
157321,3,2,1.0
157322,3,2,1.0
157323,3,2,1.0
157324,3,2,1.0
157325,3,2,1.0
157326,3,2,1.0
157327,3,2,1.0
157328,3,2,1.0
157329,3,2,1.0
157330,3,2,1.0
157331,3,2,1.0
157332,3,2,1.0
157333,3,2,1.0
157334,3,2,1.0
157335,3,2,1.0
157336,3,2,1.0
157337,3,2,1.0
157338,3,2,1.0
157339,3,2,1.0
157340,3,2,1.0
157341,3,2,1.0
157342,3,2,1.0
157343,3,2,1.0
157344,3,2,1.0
157345,3,2,1.0
157346,3,2,1.0
157347,3,2,1.0
157348,3,2,1.0
157349,3,2,1.0
157350,3,2,1.0
157351,3,2,1.0
157352,3,2,1.0
157353,3,2,1.0
157354,3,2,1.0
157355,3,2,1.0
157356,3,2,1.0
157357,3,2,1.0
157358,3,2,1.0
157359,3,2,1.0
157360,3,2,1.0
157361,3,2,1.0
157362,3,2,1.0
157363,3,2,1.0
157364,3,2,1.0
157365,3,2,1.0
157366,3,2,1.0
157367,3,2,1.0
157368,3,2,1.0
157369,3,2,1.0
157370,3,2,1.0
157371,3,2,1.0
157372,3,2,1.0
157373,3,2,1.0
157374,3,2,1.0
157375,3,2,1.0
157376,3,2,1.0
157377,3,2,1.0
157378,3,2,1.0
157379,3,2,1.0
157380,3,2,1.0
157381,3,2,1.0
157382,3,2,1.0
157383,3,2,1.0
157384,3,2,1.0
157385,3,2,1.0
157386,3,2,1.0
157387,3,2,1.0
157388,3,2,1.0
157389,3,2,1.0
157390,3,2,1.0
157391,3,2,1.0
157392,3,2,1.0
157393,3,2,1.0
157394,3,2,1.0
157395,3,2,1.0
157396,3,2,1.0
157397,3,2,1.0
157398,3,2,1.0
157399,3,2,1.0
157400,3,2,1.0
157401,3,2,1.0
157402,3,2,1.0
157403,3,2,1.0
157404,3,2,1.0
157405,3,2,1.0
157406,3,2,1.0
157407,3,2,1.0
157408,3,2,1.0
157409,3,2,1.0
157410,3,2,1.0
157411,3,2,1.0
157412,3,2,1.0
157413,3,2,1.0
157414,3,2,1.0
157415,3,2,1.0
157416,3,2,1.0
157417,3,2,1.0
157418,3,2,1.0
157419,3,2,1.0
157420,3,2,1.0
157421,3,2,1.0
157422,3,2,1.0
157423,3,2,1.0
157424,3,2,1.0
157425,3,2,1.0
157426,3,2,1.0
157427,3,2,1.0
157428,3,2,1.0
157429,3,2,1.0
157430,3,2,1.0
157431,3,2,1.0
157432,3,2,1.0
157433,3,2,1.0
157434,3,2,1.0
157435,3,2,1.0
157436,3,2,1.0
157437,3,2,1.0
157438,3,2,1.0
157439,3,2,1.0
157440,3,2,1.0
157441,3,2,1.0
157442,3,2,1.0
157443,3,2,1.0
157444,3,2,1.0
157445,3,2,1.0
157446,3,2,1.0
157447,3,2,1.0
157448,3,2,1.0
157449,3,2,1.0
157450,3,2,1.0
157451,3,2,1.0
157452,3,2,1.0
157453,3,2,1.0
157454,3,2,1.0
157455,3,2,1.0
157456,3,2,1.0
157457,3,2,1.0
157458,3,2,1.0
157459,3,2,1.0
157460,3,2,1.0
157461,3,2,1.0
157462,3,2,1.0
157463,3,2,1.0
157464,3,2,1.0
157465,3,2,1.0
157466,3,2,1.0
157467,3,2,1.0
157468,3,2,1.0
157469,3,2,1.0
157470,3,2,1.0
157471,3,2,1.0
157472,3,2,1.0
157473,3,2,1.0
157474,3,2,1.0
157475,3,2,1.0
157476,3,2,1.0
157477,3,2,1.0
157478,3,2,1.0
157479,3,2,1.0
157480,3,2,1.0
157481,3,2,1.0
157482,3,2,1.0
157483,3,2,1.0
157484,3,2,1.0
157485,3,2,1.0
157486,3,2,1.0
157487,3,2,1.0
157488,3,2,1.0
157489,3,2,1.0
157490,3,2,1.0
157491,3,2,1.0
157492,3,2,1.0
157493,3,2,1.0
157494,3,2,1.0
157495,3,2,1.0
157496,3,2,1.0
157497,3,2,1.0
157498,3,2,1.0
157499,3,2,1.0
157500,3,2,1.0
157501,3,2,1.0
157502,3,2,1.0
157503,3,2,1.0
157504,3,2,1.0
157505,3,2,1.0
157506,3,2,1.0
157507,3,2,1.0
157508,3,2,1.0
157509,3,2,1.0
157510,3,2,1.0
157511,3,2,1.0
157512,3,2,1.0
157513,3,2,1.0
157514,3,2,1.0
157515,3,2,1.0
157516,3,2,1.0
157517,3,2,1.0
157518,3,2,1.0
157519,3,2,1.0
157520,3,2,1.0
157521,3,2,1.0
157522,3,2,1.0
157523,3,2,1.0
157524,3,2,1.0
157525,3,2,1.0
157526,3,2,1.0
157527,3,2,1.0
157528,3,2,1.0
157529,3,2,1.0
157530,3,2,1.0
157531,3,2,1.0
157532,3,2,1.0
157533,3,2,1.0
157534,3,2,1.0
157535,3,2,1.0
157536,3,2,1.0
157537,3,2,1.0
157538,3,2,1.0
157539,3,2,1.0
157540,3,2,1.0
157541,3,2,1.0
157542,3,2,1.0
157543,3,2,1.0
157544,3,2,1.0
157545,3,2,1.0
157546,3,2,1.0
157547,3,2,1.0
157548,3,2,1.0
157549,3,2,1.0
157550,3,2,1.0
157551,3,2,1.0
157552,3,2,1.0
157553,3,2,1.0
157554,3,2,1.0
157555,3,2,1.0
157556,3,2,1.0
157557,3,2,1.0
157558,3,2,1.0
157559,3,2,1.0
157560,3,2,1.0
157561,3,2,1.0
157562,3,2,1.0
157563,3,2,1.0
157564,3,2,1.0
157565,3,2,1.0
157566,3,2,1.0
157567,3,2,1.0
157568,3,2,1.0
157569,3,2,1.0
157570,3,2,1.0
157571,3,2,1.0
157572,3,2,1.0
157573,3,2,1.0
157574,3,2,1.0
157575,3,2,1.0
157576,3,2,1.0
157577,3,2,1.0
157578,3,2,1.0
157579,3,2,1.0
157580,3,2,1.0
157581,3,2,1.0
157582,3,2,1.0
157583,3,2,1.0
157584,3,2,1.0
157585,3,2,1.0
157586,3,2,1.0
157587,3,2,1.0
157588,3,2,1.0
157589,3,2,1.0
157590,3,2,1.0
157591,3,2,1.0
157592,3,2,1.0
157593,3,2,1.0
157594,3,2,1.0
157595,3,2,1.0
157596,3,2,1.0
157597,3,2,1.0
157598,3,2,1.0
157599,3,2,1.0
157600,3,2,1.0
157601,3,2,1.0
157602,3,2,1.0
157603,3,2,1.0
157604,3,2,1.0
157605,3,2,1.0
157606,3,2,1.0
157607,3,2,1.0
157608,3,2,1.0
157609,3,2,1.0
157610,3,2,1.0
157611,3,2,1.0
157612,3,2,1.0
157613,3,2,1.0
157614,3,2,1.0
157615,3,2,1.0
157616,3,2,1.0
157617,3,2,1.0
157618,3,2,1.0
157619,3,2,1.0
157620,3,2,1.0
157621,3,2,1.0
157622,3,2,1.0
157623,3,2,1.0
157624,3,2,1.0
157625,3,2,1.0
157626,3,2,1.0
157627,3,2,1.0
157628,3,2,1.0
157629,3,2,1.0
157630,3,2,1.0
157631,3,2,1.0
157632,3,2,1.0
157633,3,2,1.0
157634,3,2,1.0
157635,3,2,1.0
157636,3,2,1.0
157637,3,2,1.0
157638,3,2,1.0
157639,3,2,1.0
157640,3,2,1.0
157641,3,2,1.0
157642,3,2,1.0
157643,3,2,1.0
157644,3,2,1.0
157645,3,2,1.0
157646,3,2,1.0
157647,3,2,1.0
157648,3,2,1.0
157649,3,2,1.0
157650,3,2,1.0
157651,3,2,1.0
157652,3,2,1.0
157653,3,2,1.0
157654,3,2,1.0
157655,3,2,1.0
157656,3,2,1.0
157657,3,2,1.0
157658,3,2,1.0
157659,3,2,1.0
157660,3,2,1.0
157661,3,2,1.0
157662,3,2,1.0
157663,3,2,1.0
157664,3,2,1.0
157665,3,2,1.0
157666,3,2,1.0
157667,3,2,1.0
157668,3,2,1.0
157669,3,2,1.0
157670,3,2,1.0
157671,3,2,1.0
157672,3,2,1.0
157673,3,2,1.0
157674,3,2,1.0
157675,3,2,1.0
157676,3,2,1.0
157677,3,2,1.0
157678,3,2,1.0
157679,3,2,1.0
157680,3,2,1.0
157681,3,2,1.0
157682,3,2,1.0
157683,3,2,1.0
157684,3,2,1.0
157685,3,2,1.0
157686,3,2,1.0
157687,3,2,1.0
157688,3,2,1.0
157689,3,2,1.0
157690,3,2,1.0
157691,3,2,1.0
157692,3,2,1.0
157693,3,2,1.0
157694,3,2,1.0
157695,3,2,1.0
157696,3,2,1.0
157697,3,2,1.0
157698,3,2,1.0
157699,3,2,1.0
157700,3,2,1.0
157701,3,2,1.0
157702,3,2,1.0
157703,3,2,1.0
157704,3,2,1.0
157705,3,2,1.0
157706,3,2,1.0
157707,3,2,1.0
157708,3,2,1.0
157709,3,2,1.0
157710,3,2,1.0
157711,3,2,1.0
157712,3,2,1.0
157713,3,2,1.0
157714,3,2,1.0
157715,3,2,1.0
157716,3,2,1.0
157717,3,2,1.0
157718,3,2,1.0
157719,3,2,1.0
157720,3,2,1.0
157721,3,2,1.0
157722,3,2,1.0
157723,3,2,1.0
157724,3,2,1.0
157725,3,2,1.0
157726,3,2,1.0
157727,3,2,1.0
157728,3,2,1.0
157729,3,2,1.0
157730,3,2,1.0
157731,3,2,1.0
157732,3,2,1.0
157733,3,2,1.0
157734,3,2,1.0
157735,3,2,1.0
157736,3,2,1.0
157737,3,2,1.0
157738,3,2,1.0
157739,3,2,1.0
157740,3,2,1.0
157741,3,2,1.0
157742,3,2,1.0
157743,3,2,1.0
157744,3,2,1.0
157745,3,2,1.0
157746,3,2,1.0
157747,3,2,1.0
157748,3,2,1.0
157749,3,2,1.0
157750,3,2,1.0
157751,3,2,1.0
157752,3,2,1.0
157753,3,2,1.0
157754,3,2,1.0
157755,3,2,1.0
157756,3,2,1.0
157757,3,2,1.0
157758,3,2,1.0
157759,3,2,1.0
157760,3,2,1.0
157761,3,2,1.0
157762,3,2,1.0
157763,3,2,1.0
157764,3,2,1.0
157765,3,2,1.0
157766,3,2,1.0
157767,3,2,1.0
157768,3,2,1.0
157769,3,2,1.0
157770,3,2,1.0
157771,3,2,1.0
157772,3,2,1.0
157773,3,2,1.0
157774,3,2,1.0
157775,3,2,1.0
157776,3,2,1.0
157777,3,2,1.0
157778,3,2,1.0
157779,3,2,1.0
157780,3,2,1.0
157781,3,2,1.0
157782,3,2,1.0
157783,3,2,1.0
157784,3,2,1.0
157785,3,2,1.0
157786,3,2,1.0
157787,3,2,1.0
157788,3,2,1.0
157789,3,2,1.0
157790,3,2,1.0
157791,3,2,1.0
157792,3,2,1.0
157793,3,2,1.0
157794,3,2,1.0
157795,3,2,1.0
157796,3,2,1.0
157797,3,2,1.0
157798,3,2,1.0
157799,3,2,1.0
157800,3,2,1.0
157801,3,2,1.0
157802,3,2,1.0
157803,3,2,1.0
157804,3,2,1.0
157805,3,2,1.0
157806,3,2,1.0
157807,3,2,1.0
157808,3,2,1.0
157809,3,2,1.0
157810,3,2,1.0
157811,3,2,1.0
157812,3,2,1.0
157813,3,2,1.0
157814,3,2,1.0
157815,3,2,1.0
157816,3,2,1.0
157817,3,2,1.0
157818,3,2,1.0
157819,3,2,1.0
157820,3,2,1.0
157821,3,2,1.0
157822,3,2,1.0
157823,3,2,1.0
157824,3,2,1.0
157825,3,2,1.0
157826,3,2,1.0
157827,3,2,1.0
157828,3,2,1.0
157829,3,2,1.0
157830,3,2,1.0
157831,3,2,1.0
157832,3,2,1.0
157833,3,2,1.0
157834,3,2,1.0
157835,3,2,1.0
157836,3,2,1.0
157837,3,2,1.0
157838,3,2,1.0
157839,3,2,1.0
157840,3,2,1.0
157841,3,2,1.0
157842,3,2,1.0
157843,3,2,1.0
157844,3,2,1.0
157845,3,2,1.0
157846,3,2,1.0
157847,3,2,1.0
157848,3,2,1.0
157849,3,2,1.0
157850,3,2,1.0
157851,3,2,1.0
157852,3,2,1.0
157853,3,2,1.0
157854,3,2,1.0
157855,3,2,1.0
157856,3,2,1.0
157857,3,2,1.0
157858,3,2,1.0
157859,3,2,1.0
157860,3,2,1.0
157861,3,2,1.0
157862,3,2,1.0
157863,3,2,1.0
157864,3,2,1.0
157865,3,2,1.0
157866,3,2,1.0
157867,3,2,1.0
157868,3,2,1.0
157869,3,2,1.0
157870,3,2,1.0
157871,3,2,1.0
157872,3,2,1.0
157873,3,2,1.0
157874,3,2,1.0
157875,3,2,1.0
157876,3,2,1.0
157877,3,2,1.0
157878,3,2,1.0
157879,3,2,1.0
157880,3,2,1.0
157881,3,2,1.0
157882,3,2,1.0
157883,3,2,1.0
157884,3,2,1.0
157885,3,2,1.0
157886,3,2,1.0
157887,3,2,1.0
157888,3,2,1.0
157889,3,2,1.0
157890,3,2,1.0
157891,3,2,1.0
157892,3,2,1.0
157893,3,2,1.0
157894,3,2,1.0
157895,3,2,1.0
157896,3,2,1.0
157897,3,2,1.0
157898,3,2,1.0
157899,3,2,1.0
157900,3,2,1.0
157901,3,2,1.0
157902,3,2,1.0
157903,3,2,1.0
157904,3,2,1.0
157905,3,2,1.0
157906,3,2,1.0
157907,3,2,1.0
157908,3,2,1.0
157909,3,2,1.0
157910,3,2,1.0
157911,3,2,1.0
157912,3,2,1.0
157913,3,2,1.0
157914,3,2,1.0
157915,3,2,1.0
157916,3,2,1.0
157917,3,2,1.0
157918,3,2,1.0
157919,3,2,1.0
157920,3,2,1.0
157921,3,2,1.0
157922,3,2,1.0
157923,3,2,1.0
157924,3,2,1.0
157925,3,2,1.0
157926,3,2,1.0
157927,3,2,1.0
157928,3,2,1.0
157929,3,2,1.0
157930,3,2,1.0
157931,3,2,1.0
157932,3,2,1.0
157933,3,2,1.0
157934,3,2,1.0
157935,3,2,1.0
157936,3,2,1.0
157937,3,2,1.0
157938,3,2,1.0
157939,3,2,1.0
157940,3,2,1.0
157941,3,2,1.0
157942,3,2,1.0
157943,3,2,1.0
157944,3,2,1.0
157945,3,2,1.0
157946,3,2,1.0
157947,3,2,1.0
157948,3,2,1.0
157949,3,2,1.0
157950,3,2,1.0
157951,3,2,1.0
157952,3,2,1.0
157953,3,2,1.0
157954,3,2,1.0
157955,3,2,1.0
157956,3,2,1.0
157957,3,2,1.0
157958,3,2,1.0
157959,3,2,1.0
157960,3,2,1.0
157961,3,2,1.0
157962,3,2,1.0
157963,3,2,1.0
157964,3,2,1.0
157965,3,2,1.0
157966,3,2,1.0
157967,3,2,1.0
157968,3,2,1.0
157969,3,2,1.0
157970,3,2,1.0
157971,3,2,1.0
157972,3,2,1.0
157973,3,2,1.0
157974,3,2,1.0
157975,3,2,1.0
157976,3,2,1.0
157977,3,2,1.0
157978,3,2,1.0
157979,3,2,1.0
157980,3,2,1.0
157981,3,2,1.0
157982,3,2,1.0
157983,3,2,1.0
157984,3,2,1.0
157985,3,2,1.0
157986,3,2,1.0
157987,3,2,1.0
157988,3,2,1.0
157989,3,2,1.0
157990,3,2,1.0
157991,3,2,1.0
157992,3,2,1.0
157993,3,2,1.0
157994,3,2,1.0
157995,3,2,1.0
157996,3,2,1.0
157997,3,2,1.0
157998,3,2,1.0
157999,3,2,1.0
158000,3,2,1.0
158001,3,2,1.0
158002,3,2,1.0
158003,3,2,1.0
158004,3,2,1.0
158005,3,2,1.0
158006,3,2,1.0
158007,3,2,1.0
158008,3,2,1.0
158009,3,2,1.0
158010,3,2,1.0
158011,3,2,1.0
158012,3,2,1.0
